DROP TABLE WEBPORTAL_BACKUP_RESULT;
CREATE TABLE WEBPORTAL_BACKUP_RESULT ( ID bigint NOT NULL AUTO_INCREMENT, MCLUSTER_ID bigint unsigned, DB_ID bigint unsigned, BACKUP_IP varchar(50) COLLATE utf8_unicode_ci, START_TIME datetime, END_TIME datetime, STATUS varchar(10), RESULT_DETAIL varchar(100) COLLATE utf8_unicode_ci, DELETED tinyint, CREATE_TIME datetime, UPDATE_TIME datetime, CREATE_USER bigint, UPDATE_USER bigint, PRIMARY KEY (ID) ) ENGINE=InnoDB DEFAULT CHARSET=utf8;
DROP TABLE WEBPORTAL_BUILD;
CREATE TABLE WEBPORTAL_BUILD ( ID bigint NOT NULL AUTO_INCREMENT, MCLUSTER_ID bigint unsigned, DB_ID bigint unsigned, STATUS tinyint, CODE varchar(50) COLLATE utf8_unicode_ci, MSG varchar(200) COLLATE utf8_unicode_ci, START_TIME varchar(19) COLLATE utf8_unicode_ci, STEP_MSG varchar(100), STEP int(3), END_TIME varchar(19), DELETED tinyint, CREATE_TIME datetime, UPDATE_TIME datetime, CREATE_USER bigint, UPDATE_USER bigint, PRIMARY KEY (ID) ) ENGINE=InnoDB DEFAULT CHARSET=utf8;
DROP TABLE WEBPORTAL_CBASECLUSTER_INFO;
CREATE TABLE WEBPORTAL_CBASECLUSTER_INFO ( ID bigint unsigned NOT NULL AUTO_INCREMENT, CBASECLUSTER_NAME varchar(200), STATUS tinyint, HCLUSTER_ID bigint unsigned, DELETED tinyint, CREATE_TIME datetime COMMENT '?????????', CREATE_USER bigint unsigned, UPDATE_TIME datetime, UPDATE_USER bigint unsigned, ADMIN_USER varchar(200), ADMIN_PASSWORD varchar(200), TYPE int(10), PRIMARY KEY (ID) ) ENGINE=InnoDB DEFAULT CHARSET=utf8;
DROP TABLE WEBPORTAL_CBASE_BUCKET;
CREATE TABLE WEBPORTAL_CBASE_BUCKET ( ID bigint unsigned NOT NULL AUTO_INCREMENT, CBASECLUSTER_ID bigint unsigned, HCLUSTER_ID bigint unsigned, BUCKET_NAME varchar(20) COLLATE utf8_unicode_ci, DELETED tinyint, CREATE_TIME datetime, UPDATE_TIME datetime, CREATE_USER bigint unsigned, UPDATE_USER bigint unsigned, STATUS tinyint, DESCN varchar(200) COLLATE utf8_unicode_ci, BUCKET_TYPE tinyint, RAMQUOTAMB varchar(20), AUTH_TYPE varchar(20), PRIMARY KEY (ID) ) ENGINE=InnoDB DEFAULT CHARSET=utf8;
DROP TABLE WEBPORTAL_CBASE_CONTAINER;
CREATE TABLE WEBPORTAL_CBASE_CONTAINER ( ID bigint unsigned NOT NULL AUTO_INCREMENT, CONTAINER_NAME varchar(50) COLLATE utf8_unicode_ci, MOUNT_DIR varchar(500), IP_ADDR varchar(15), GATE_ADDR varchar(15), IP_MASK varchar(15), TYPE varchar(15), DISK_SIZE int, CORES_NUMBER int, CPU_SPEED int, MEMORY_SIZE int, HOST_ID bigint unsigned, HOST_IP varchar(15), CBASECLUSTER_ID bigint unsigned, STATUS tinyint, DELETED tinyint, CREATE_TIME datetime, UPDATE_TIME datetime, CREATE_USER bigint unsigned, UPDATE_USER bigint unsigned, ZABBIXHOSTS varchar(20), PRIMARY KEY (ID) ) ENGINE=InnoDB DEFAULT CHARSET=utf8;
DROP TABLE WEBPORTAL_CONTAINER;
CREATE TABLE WEBPORTAL_CONTAINER ( ID bigint unsigned NOT NULL AUTO_INCREMENT, CONTAINER_NAME varchar(50) COLLATE utf8_unicode_ci, MOUNT_DIR varchar(500), ZOOKEEPER_ID varchar(3) COLLATE utf8_unicode_ci, IP_ADDR varchar(15), GATE_ADDR varchar(15), IP_MASK varchar(15), TYPE varchar(15), DISK_SIZE int, CORES_NUMBER int, CPU_SPEED int, MEMORY_SIZE int, HOST_ID bigint unsigned, HOST_IP varchar(15), MCLUSTER_ID bigint unsigned, STATUS tinyint, DELETED tinyint, CREATE_TIME datetime, UPDATE_TIME datetime, CREATE_USER bigint unsigned, UPDATE_USER bigint unsigned, ZABBIXHOSTS varchar(20), PRIMARY KEY (ID) ) ENGINE=InnoDB DEFAULT CHARSET=utf8;
DROP TABLE WEBPORTAL_DB;
CREATE TABLE WEBPORTAL_DB ( ID bigint unsigned NOT NULL AUTO_INCREMENT, MCLUSTER_ID bigint unsigned, HCLUSTER_ID bigint unsigned, DB_NAME varchar(20) COLLATE utf8_unicode_ci, DELETED tinyint, CREATE_TIME datetime, UPDATE_TIME datetime, CREATE_USER bigint unsigned, UPDATE_USER bigint unsigned, STATUS tinyint, BACKUP_CYCLE varchar(36) COLLATE utf8_unicode_ci COMMENT '?????????:???????????,????????????????', NOTICE_TYPE tinyint, DESCN varchar(200) COLLATE utf8_unicode_ci, ENGINE_TYPE tinyint, FROM_DB_IP varchar(36) COLLATE utf8_unicode_ci COMMENT '????????IP', FROM_DB_PORT varchar(10) COLLATE utf8_unicode_ci COMMENT '????????PORT', FROM_DB_NAME varchar(100) COLLATE utf8_unicode_ci COMMENT '????????NAME', LINK_TYPE tinyint, AUDIT_INFO varchar(200) COLLATE utf8_unicode_ci, AUDIT_TIME datetime, AUDIT_USER bigint unsigned, PRIMARY KEY (ID) ) ENGINE=InnoDB DEFAULT CHARSET=utf8;
DROP TABLE WEBPORTAL_DB_APPLY_STANDARD;
CREATE TABLE WEBPORTAL_DB_APPLY_STANDARD ( ID bigint NOT NULL AUTO_INCREMENT, APPLY_CODE varchar(100) COLLATE utf8_unicode_ci, APPLY_NAME varchar(100) COLLATE utf8_unicode_ci, VERSION varchar(30) COLLATE utf8_unicode_ci COMMENT '??????', BACKUP_CYCLE varchar(36) COLLATE utf8_unicode_ci COMMENT '?????????:???????????,????????????????', IS_EMAIL_NOTICE varchar(10) COLLATE utf8_unicode_ci, DESCN varchar(100) COLLATE utf8_unicode_ci, ENGINE_TYPE varchar(50) COLLATE utf8_unicode_ci, FROM_DB_IP varchar(36) COLLATE utf8_unicode_ci COMMENT '????????IP', FROM_DB_PORT varchar(10) COLLATE utf8_unicode_ci COMMENT '????????PORT', FROM_DB_NAME varchar(100) COLLATE utf8_unicode_ci COMMENT '????????NAME', DEVELOP_LANGUAGE varchar(50) COLLATE utf8_unicode_ci, LINK_TYPE varchar(50) COLLATE utf8_unicode_ci, BELONG_DB varchar(36) COLLATE utf8_unicode_ci, AUDIT_TIME varchar(19) COLLATE utf8_unicode_ci, AUDIT_USER varchar(36) COLLATE utf8_unicode_ci, STATUS varchar(2) COLLATE utf8_unicode_ci, AUDIT_INFO varchar(1024) COLLATE utf8_unicode_ci, CLUSTER_ID varchar(36) COLLATE utf8_unicode_ci, IS_DELETED tinyint, CREATE_TIME datetime, UPDATE_TIME datetime, CREATE_USER bigint unsigned, UPDATE_USER bigint unsigned, MAX_USER_CONNECTIONS int(10), MAX_CONNECTIONS_PER_HOUR int(10), MAX_UPDATES_PER_HOUR int(10), MAX_QUERIES_PER_HOUR int(10), READ_WRITER_RATE varchar(10) COLLATE utf8_unicode_ci, DATA_LIMIT_IP_LIST varchar(1024) COLLATE utf8_unicode_ci, MAX_CONCURRENCY int(10), MGR_LIMIT_IP_LIST varchar(1024) COLLATE utf8_unicode_ci, PRIMARY KEY (ID) ) ENGINE=InnoDB DEFAULT CHARSET=utf8;
DROP TABLE WEBPORTAL_DB_USER;
CREATE TABLE WEBPORTAL_DB_USER ( ID bigint unsigned NOT NULL AUTO_INCREMENT, DB_ID bigint unsigned, USERNAME varchar(20) COLLATE utf8_unicode_ci, PASSWORD varchar(20) COLLATE utf8_unicode_ci, TYPE tinyint, ACCEPT_IP varchar(15) COLLATE utf8_unicode_ci COMMENT '????IP', MAX_CONCURRENCY int COMMENT '???????????', READ_WRITER_RATE varchar(10) COLLATE utf8_unicode_ci COMMENT '?????????', MAX_QUERIES_PER_HOUR int COMMENT '??????????????????(????????,?????????????,???????????????)', MAX_UPDATES_PER_HOUR int COMMENT '??????????????????(????????,?????????????,???????????????)', MAX_CONNECTIONS_PER_HOUR int COMMENT '??????????????????(????????,?????????????,???????????????)', MAX_USER_CONNECTIONS int COMMENT '???????????????(????????,?????????????,???????????????)', STATUS tinyint, SALT varchar(20) COLLATE utf8_unicode_ci, CREATE_TIME datetime, DELETED tinyint, UPDATE_TIME datetime, CREATE_USER bigint unsigned, UPDATE_USER bigint unsigned, DESCN varchar(200), PRIMARY KEY (ID) ) ENGINE=InnoDB DEFAULT CHARSET=utf8;
DROP TABLE WEBPORTAL_GCE;
CREATE TABLE WEBPORTAL_GCE ( ID bigint unsigned NOT NULL AUTO_INCREMENT, GCE_NAME varchar(100), HCLUSTER_ID bigint unsigned, GCECLUSTER_ID bigint unsigned, GCE_IMAGE_NAME varchar(100), TYPE varchar(20), IP varchar(20), PORT_FORWARD varchar(100), DELETED tinyint, CREATE_TIME datetime, UPDATE_TIME datetime, CREATE_USER bigint unsigned, UPDATE_USER bigint unsigned, STATUS tinyint, DESCN varchar(200) COLLATE utf8_unicode_ci, PRIMARY KEY (ID) ) ENGINE=InnoDB DEFAULT CHARSET=utf8;
DROP TABLE WEBPORTAL_GCECLUSTER;
CREATE TABLE WEBPORTAL_GCECLUSTER ( ID bigint unsigned NOT NULL AUTO_INCREMENT, CLUSTER_NAME varchar(100), STATUS tinyint, SST_PASSWORD varchar(20), HCLUSTER_ID bigint unsigned, DELETED tinyint, CREATE_TIME datetime COMMENT '???????????', CREATE_USER bigint unsigned, UPDATE_TIME datetime, UPDATE_USER bigint unsigned, ADMIN_USER varchar(200), ADMIN_PASSWORD varchar(200), TYPE int(10), PRIMARY KEY (ID) ) ENGINE=InnoDB DEFAULT CHARSET=utf8;
DROP TABLE WEBPORTAL_GCECONTAINER;
CREATE TABLE WEBPORTAL_GCECONTAINER ( ID bigint unsigned NOT NULL AUTO_INCREMENT, CONTAINER_NAME varchar(100), MOUNT_DIR varchar(500), ZOOKEEPER_ID varchar(3) COLLATE utf8_unicode_ci, IP_ADDR varchar(15), GATE_ADDR varchar(15), IP_MASK varchar(15), TYPE varchar(15), DISK_SIZE int, CORES_NUMBER int, CPU_SPEED int, MEMORY_SIZE int, HOST_ID bigint unsigned, HOST_IP varchar(15), BIND_CONTAINER_PORT varchar(100), BIND_HOST_PORT varchar(100), BIND_HOST_IP varchar(100), BIND_PROTOCOL varchar(100), MGR_BIND_HOST_PORT varchar(100), CONTAINER_UUID varchar(100), GCECLUSTER_ID bigint unsigned, STATUS tinyint, DELETED tinyint, CREATE_TIME datetime, UPDATE_TIME datetime, CREATE_USER bigint unsigned, UPDATE_USER bigint unsigned, ZABBIXHOSTS varchar(20), SERVICE_TYPE tinyint, PRIMARY KEY (ID) ) ENGINE=InnoDB DEFAULT CHARSET=utf8;
DROP TABLE WEBPORTAL_GCE_IMAGE;
CREATE TABLE WEBPORTAL_GCE_IMAGE ( ID bigint unsigned NOT NULL AUTO_INCREMENT, NAME varchar(100), URL varchar(500), TAG varchar(100), TYPE varchar(20), OWNER bigint unsigned, STATUS varchar(20), DESCN varchar(200) COLLATE utf8_unicode_ci, DELETED tinyint, CREATE_TIME datetime, UPDATE_TIME datetime, CREATE_USER bigint unsigned, UPDATE_USER bigint unsigned, LOG_URL varchar(50), PRIMARY KEY (ID) ) ENGINE=InnoDB DEFAULT CHARSET=latin1;
DROP TABLE WEBPORTAL_HCLUSTER;
CREATE TABLE WEBPORTAL_HCLUSTER ( ID bigint unsigned NOT NULL AUTO_INCREMENT, HCLUSTER_NAME varchar(20) COLLATE utf8_unicode_ci, STATUS tinyint, DELETED tinyint, UPDATE_USER bigint unsigned, UPDATE_TIME datetime, CREATE_USER bigint unsigned, CREATE_TIME datetime, DESCN varchar(200), HCLUSTER_NAME_ALIAS varchar(30), type varchar(50), PRIMARY KEY (ID) ) ENGINE=InnoDB DEFAULT CHARSET=utf8;
DROP TABLE WEBPORTAL_HOST;
CREATE TABLE WEBPORTAL_HOST ( ID bigint unsigned NOT NULL AUTO_INCREMENT, HOST_NAME varchar(20) COLLATE utf8_unicode_ci, HOST_IP varchar(15), NODES_NUMBER int, CPU_MODEL varchar(50), CORES_NUMBER int, MEMORY_SIZE int, DISK_SIZE int, DISK_USED int, HOST_MODEL varchar(50), TYPE varchar(10), HCLUSTER_ID bigint unsigned, STATUS tinyint, DELETED tinyint, UPDATE_USER bigint unsigned, UPDATE_TIME datetime, CREATE_USER bigint unsigned, CREATE_TIME datetime, DESCN varchar(200), NAME varchar(30), PASSWORD varchar(30), HOST_NAME_ALIAS varchar(30), PRIMARY KEY (ID) ) ENGINE=InnoDB DEFAULT CHARSET=utf8;
DROP TABLE WEBPORTAL_INDEX_MONITOR;
CREATE TABLE WEBPORTAL_INDEX_MONITOR ( ID bigint unsigned NOT NULL AUTO_INCREMENT, TITLE_TEXT varchar(50), SUB_TITLE_TEXT varchar(50), Y_AXIS_TEXT varchar(50), Y_AXIS_TEXT_1 varchar(50), Y_AXIS_TEXT_2 varchar(50), Y_AXIS_TEXT_3 varchar(50), TOOLTIP_SUFFIX varchar(50), FLUSH_TIME int, DETAIL_TABLE varchar(50), STATUS tinyint, DATA_FROM_API varchar(50) NOT NULL, MONITOR_POINT varchar(100), PRIMARY KEY (ID) ) ENGINE=InnoDB DEFAULT CHARSET=utf8;
DROP TABLE WEBPORTAL_IP_RESOURCE;
CREATE TABLE WEBPORTAL_IP_RESOURCE ( ID bigint unsigned NOT NULL AUTO_INCREMENT, IP varchar(15) COLLATE utf8_unicode_ci, GATE_WAY varchar(15) COLLATE utf8_unicode_ci, MASK varchar(15) COLLATE utf8_unicode_ci, STATUS tinyint, DELETED tinyint, CREATE_TIME datetime, UPDATE_TIME datetime, CREATE_USER bigint unsigned, UPDATE_USER bigint unsigned, PRIMARY KEY (ID) ) ENGINE=InnoDB DEFAULT CHARSET=utf8;
DROP TABLE WEBPORTAL_MCLUSTER_INFO;
CREATE TABLE WEBPORTAL_MCLUSTER_INFO ( ID bigint unsigned NOT NULL AUTO_INCREMENT, MCLUSTER_NAME varchar(200), STATUS tinyint, SST_PASSWORD varchar(20), HCLUSTER_ID bigint unsigned, DELETED tinyint, CREATE_TIME datetime COMMENT '?????????', CREATE_USER bigint unsigned, UPDATE_TIME datetime, UPDATE_USER bigint unsigned, ADMIN_USER varchar(200), ADMIN_PASSWORD varchar(200), type int(10), PRIMARY KEY (ID) ) ENGINE=InnoDB DEFAULT CHARSET=utf8;
DROP TABLE WEBPORTAL_MONITOR_CONTAINER_CPUACCT;
CREATE TABLE WEBPORTAL_MONITOR_CONTAINER_CPUACCT ( ID bigint unsigned NOT NULL AUTO_INCREMENT, DETAIL_NAME varchar(50), DETAIL_VALUE float(30,3), MONITOR_DATE datetime, IP varchar(50), PRIMARY KEY (ID), INDEX NAME_IP_DATE (DETAIL_NAME(10), IP(13), MONITOR_DATE) ) ENGINE=InnoDB DEFAULT CHARSET=utf8;
DROP TABLE WEBPORTAL_MONITOR_CONTAINER_DISK;
CREATE TABLE WEBPORTAL_MONITOR_CONTAINER_DISK ( ID bigint unsigned NOT NULL AUTO_INCREMENT, DETAIL_NAME varchar(50), DETAIL_VALUE float(30,3), MONITOR_DATE datetime, IP varchar(50), PRIMARY KEY (ID), INDEX NAME_IP_DATE (DETAIL_NAME(10), IP(13), MONITOR_DATE) ) ENGINE=InnoDB DEFAULT CHARSET=utf8;
DROP TABLE WEBPORTAL_MONITOR_CONTAINER_MEMERY;
CREATE TABLE WEBPORTAL_MONITOR_CONTAINER_MEMERY ( ID bigint unsigned NOT NULL AUTO_INCREMENT, DETAIL_NAME varchar(50), DETAIL_VALUE float(30,3), MONITOR_DATE datetime, IP varchar(50), PRIMARY KEY (ID), INDEX NAME_IP_DATE (DETAIL_NAME(10), IP(13), MONITOR_DATE) ) ENGINE=InnoDB DEFAULT CHARSET=utf8;
DROP TABLE WEBPORTAL_MONITOR_CONTAINER_NETWORKIO;
CREATE TABLE WEBPORTAL_MONITOR_CONTAINER_NETWORKIO ( ID bigint unsigned NOT NULL AUTO_INCREMENT, DETAIL_NAME varchar(50), DETAIL_VALUE float(30,3), MONITOR_DATE datetime, IP varchar(50), PRIMARY KEY (ID), INDEX NAME_IP_DATE (DETAIL_NAME(10), IP(13), MONITOR_DATE) ) ENGINE=InnoDB DEFAULT CHARSET=utf8;
DROP TABLE WEBPORTAL_MONITOR_DB_INNODB_BUFFER_MEMALLCO;
CREATE TABLE WEBPORTAL_MONITOR_DB_INNODB_BUFFER_MEMALLCO ( ID bigint unsigned NOT NULL AUTO_INCREMENT, DETAIL_NAME varchar(50), DETAIL_VALUE float(30,3), MONITOR_DATE datetime, IP varchar(16), PRIMARY KEY (ID), INDEX NAME_IP_DATE (DETAIL_NAME(10), IP(13), MONITOR_DATE) ) ENGINE=InnoDB DEFAULT CHARSET=utf8;
DROP TABLE WEBPORTAL_MONITOR_DB_INNODB_BUFFER_PAGE;
CREATE TABLE WEBPORTAL_MONITOR_DB_INNODB_BUFFER_PAGE ( ID bigint unsigned NOT NULL AUTO_INCREMENT, DETAIL_NAME varchar(50), DETAIL_VALUE float(30,3), MONITOR_DATE datetime, IP varchar(16), PRIMARY KEY (ID), INDEX NAME_IP_DATE (DETAIL_NAME(10), IP(13), MONITOR_DATE) ) ENGINE=InnoDB DEFAULT CHARSET=utf8;
DROP TABLE WEBPORTAL_MONITOR_DB_INNODB_BUFFER_POOL;
CREATE TABLE WEBPORTAL_MONITOR_DB_INNODB_BUFFER_POOL ( ID bigint unsigned NOT NULL AUTO_INCREMENT, DETAIL_NAME varchar(50), DETAIL_VALUE float(30,3), MONITOR_DATE datetime, IP varchar(16), PRIMARY KEY (ID), INDEX NAME_IP_DATE (DETAIL_NAME(10), IP(13), MONITOR_DATE) ) ENGINE=InnoDB DEFAULT CHARSET=utf8;
DROP TABLE WEBPORTAL_MONITOR_DB_ROWOPERS_PS;
CREATE TABLE WEBPORTAL_MONITOR_DB_ROWOPERS_PS ( ID bigint unsigned NOT NULL AUTO_INCREMENT, DETAIL_NAME varchar(50), DETAIL_VALUE float(30,3), MONITOR_DATE datetime, IP varchar(16), PRIMARY KEY (ID), INDEX NAME_IP_DATE (DETAIL_NAME(10), IP(13), MONITOR_DATE) ) ENGINE=InnoDB DEFAULT CHARSET=utf8;
DROP TABLE WEBPORTAL_MONITOR_DB_ROWOPERS_TOTAL;
CREATE TABLE WEBPORTAL_MONITOR_DB_ROWOPERS_TOTAL ( ID bigint unsigned NOT NULL AUTO_INCREMENT, DETAIL_NAME varchar(50), DETAIL_VALUE float(30,3), MONITOR_DATE datetime, IP varchar(16), PRIMARY KEY (ID), INDEX NAME_IP_DATE (DETAIL_NAME(10), IP(13), MONITOR_DATE) ) ENGINE=InnoDB DEFAULT CHARSET=utf8;
DROP TABLE WEBPORTAL_MONITOR_DB_VARIABLESTATUS_PS;
CREATE TABLE WEBPORTAL_MONITOR_DB_VARIABLESTATUS_PS ( ID bigint unsigned NOT NULL AUTO_INCREMENT, DETAIL_NAME varchar(50), DETAIL_VALUE float(30,3), MONITOR_DATE datetime, IP varchar(16), PRIMARY KEY (ID), INDEX NAME_IP_DATE (DETAIL_NAME(10), IP(13), MONITOR_DATE) ) ENGINE=InnoDB DEFAULT CHARSET=utf8;
DROP TABLE WEBPORTAL_MONITOR_DB_VARIABLESTATUS_RATION;
CREATE TABLE WEBPORTAL_MONITOR_DB_VARIABLESTATUS_RATION ( ID bigint unsigned NOT NULL AUTO_INCREMENT, DETAIL_NAME varchar(50), DETAIL_VALUE float(30,3), MONITOR_DATE datetime, IP varchar(16), PRIMARY KEY (ID), INDEX NAME_IP_DATE (DETAIL_NAME(10), IP(13), MONITOR_DATE) ) ENGINE=InnoDB DEFAULT CHARSET=utf8;
DROP TABLE WEBPORTAL_MONITOR_DB_VARIABLESTATUS_USED;
CREATE TABLE WEBPORTAL_MONITOR_DB_VARIABLESTATUS_USED ( ID bigint unsigned NOT NULL AUTO_INCREMENT, DETAIL_NAME varchar(50), DETAIL_VALUE float(30,3), MONITOR_DATE datetime, IP varchar(16), PRIMARY KEY (ID), INDEX NAME_IP_DATE (DETAIL_NAME(10), IP(13), MONITOR_DATE) ) ENGINE=InnoDB DEFAULT CHARSET=utf8;
DROP TABLE WEBPORTAL_MONITOR_MYSQLCPUPARTION;
CREATE TABLE WEBPORTAL_MONITOR_MYSQLCPUPARTION ( ID bigint unsigned NOT NULL AUTO_INCREMENT, DETAIL_NAME varchar(50), DETAIL_VALUE float(30,3), MONITOR_DATE datetime, IP varchar(16), PRIMARY KEY (ID), INDEX NAME_IP_DATE (DETAIL_NAME(10), IP(13), MONITOR_DATE) ) ENGINE=InnoDB DEFAULT CHARSET=utf8;
DROP TABLE WEBPORTAL_MONITOR_MYSQLMEMORYPARTION;
CREATE TABLE WEBPORTAL_MONITOR_MYSQLMEMORYPARTION ( ID bigint unsigned NOT NULL AUTO_INCREMENT, DETAIL_NAME varchar(50), DETAIL_VALUE float(30,3), MONITOR_DATE datetime, IP varchar(16), PRIMARY KEY (ID), INDEX NAME_IP_DATE (DETAIL_NAME(10), IP(13), MONITOR_DATE) ) ENGINE=InnoDB DEFAULT CHARSET=utf8;
DROP TABLE WEBPORTAL_MONITOR_NODE_DATADIRSIZE;
CREATE TABLE WEBPORTAL_MONITOR_NODE_DATADIRSIZE ( ID bigint unsigned NOT NULL AUTO_INCREMENT, DETAIL_NAME varchar(50), DETAIL_VALUE float(30,3), MONITOR_DATE datetime, IP varchar(16), PRIMARY KEY (ID), INDEX NAME_IP_DATE (DETAIL_NAME(10), IP(13), MONITOR_DATE) ) ENGINE=InnoDB DEFAULT CHARSET=utf8;
DROP TABLE WEBPORTAL_MONITOR_NODE_MEMORYSIZE;
CREATE TABLE WEBPORTAL_MONITOR_NODE_MEMORYSIZE ( ID bigint unsigned NOT NULL AUTO_INCREMENT, DETAIL_NAME varchar(50), DETAIL_VALUE float(30,3), MONITOR_DATE datetime, IP varchar(16), PRIMARY KEY (ID), INDEX NAME_IP_DATE (DETAIL_NAME(10), IP(13), MONITOR_DATE) ) ENGINE=InnoDB DEFAULT CHARSET=utf8;
DROP TABLE WEBPORTAL_MONITOR_WSREPSTATUS_FLOWCONTROL_PAUSED;
CREATE TABLE WEBPORTAL_MONITOR_WSREPSTATUS_FLOWCONTROL_PAUSED ( ID bigint unsigned NOT NULL AUTO_INCREMENT, DETAIL_NAME varchar(50), DETAIL_VALUE float(30,3), MONITOR_DATE datetime, IP varchar(16), PRIMARY KEY (ID), INDEX NAME_IP_DATE (DETAIL_NAME(10), IP(13), MONITOR_DATE) ) ENGINE=InnoDB DEFAULT CHARSET=utf8;
DROP TABLE WEBPORTAL_MONITOR_WSREPSTATUS_SLOWESTNETWORK_PARAM;
CREATE TABLE WEBPORTAL_MONITOR_WSREPSTATUS_SLOWESTNETWORK_PARAM ( ID bigint unsigned NOT NULL AUTO_INCREMENT, DETAIL_NAME varchar(50), DETAIL_VALUE float(30,3), MONITOR_DATE datetime, IP varchar(16), PRIMARY KEY (ID), INDEX NAME_IP_DATE (DETAIL_NAME(10), IP(13), MONITOR_DATE) ) ENGINE=InnoDB DEFAULT CHARSET=utf8;
DROP TABLE WEBPORTAL_MONITOR_WSREPSTATUS_SLOWESTNODE_PARAM;
CREATE TABLE WEBPORTAL_MONITOR_WSREPSTATUS_SLOWESTNODE_PARAM ( ID bigint unsigned NOT NULL AUTO_INCREMENT, DETAIL_NAME varchar(50), DETAIL_VALUE float(30,3), MONITOR_DATE datetime, IP varchar(16), PRIMARY KEY (ID), INDEX NAME_IP_DATE (DETAIL_NAME(10), IP(13), MONITOR_DATE) ) ENGINE=InnoDB DEFAULT CHARSET=utf8;
DROP TABLE WEBPORTAL_SLB;
CREATE TABLE WEBPORTAL_SLB ( ID bigint unsigned NOT NULL AUTO_INCREMENT, SLB_NAME varchar(100), SLBCLUSTER_ID bigint unsigned, HCLUSTER_ID bigint unsigned, DELETED tinyint, CREATE_TIME datetime, UPDATE_TIME datetime, CREATE_USER bigint unsigned, UPDATE_USER bigint unsigned, STATUS tinyint, DESCN varchar(200) COLLATE utf8_unicode_ci, IP varchar(20), PRIMARY KEY (ID) ) ENGINE=InnoDB DEFAULT CHARSET=utf8;
DROP TABLE WEBPORTAL_SLBCLUSTER;
CREATE TABLE WEBPORTAL_SLBCLUSTER ( ID bigint unsigned NOT NULL AUTO_INCREMENT, CLUSTER_NAME varchar(200), STATUS tinyint, SST_PASSWORD varchar(20), HCLUSTER_ID bigint unsigned, DELETED tinyint, CREATE_TIME datetime COMMENT '???????????', CREATE_USER bigint unsigned, UPDATE_TIME datetime, UPDATE_USER bigint unsigned, ADMIN_USER varchar(200), ADMIN_PASSWORD varchar(200), TYPE int(10), PRIMARY KEY (ID) ) ENGINE=InnoDB DEFAULT CHARSET=utf8;
DROP TABLE WEBPORTAL_SLBCONTAINER;
CREATE TABLE WEBPORTAL_SLBCONTAINER ( ID bigint unsigned NOT NULL AUTO_INCREMENT, CONTAINER_NAME varchar(100), MOUNT_DIR varchar(500), ZOOKEEPER_ID varchar(3) COLLATE utf8_unicode_ci, IP_ADDR varchar(15), GATE_ADDR varchar(15), IP_MASK varchar(15), TYPE varchar(50), DISK_SIZE int, CORES_NUMBER int, CPU_SPEED int, MEMORY_SIZE int, HOST_ID bigint unsigned, HOST_IP varchar(15), SLBCLUSTER_ID bigint unsigned, CONTAINER_UUID varchar(100), STATUS tinyint, DELETED tinyint, CREATE_TIME datetime, UPDATE_TIME datetime, CREATE_USER bigint unsigned, UPDATE_USER bigint unsigned, ZABBIXHOSTS varchar(20), SERVICE_TYPE tinyint, PRIMARY KEY (ID) ) ENGINE=InnoDB DEFAULT CHARSET=utf8;
DROP TABLE WEBPORTAL_SLB_BACKEND_SERVER;
CREATE TABLE WEBPORTAL_SLB_BACKEND_SERVER ( ID bigint unsigned NOT NULL AUTO_INCREMENT, CONTAINER_ID bigint unsigned, SLB_CONFIG_ID bigint unsigned, TYPE varchar(10), SERVER_NAME varchar(20), SERVER_IP varchar(15), DELETED tinyint, CREATE_TIME datetime, UPDATE_TIME datetime, CREATE_USER bigint unsigned, UPDATE_USER bigint unsigned, SLB_ID bigint NOT NULL, PORT varchar(10), STATUS tinyint, PRIMARY KEY (ID) ) ENGINE=InnoDB DEFAULT CHARSET=utf8;
DROP TABLE WEBPORTAL_SLB_CONFIG;
CREATE TABLE WEBPORTAL_SLB_CONFIG ( ID bigint unsigned NOT NULL AUTO_INCREMENT, AGENT_TYPE varchar(10), FRONT_PORT varchar(15), SLB_ID bigint unsigned, DELETED tinyint, CREATE_TIME datetime, UPDATE_TIME datetime, CREATE_USER bigint unsigned, UPDATE_USER bigint unsigned, PRIMARY KEY (ID) ) ENGINE=InnoDB DEFAULT CHARSET=utf8 COMMENT='????container?????';
DROP TABLE WEBPORTAL_TASK_CHAIN;
CREATE TABLE WEBPORTAL_TASK_CHAIN ( ID bigint NOT NULL AUTO_INCREMENT, TASK_ID bigint unsigned, TASK_DETAIL_ID bigint unsigned, CHAIN_INDEX_ID bigint unsigned, EXECUTE_ORDER tinyint, RETRY tinyint, START_TIME datetime, END_TIME datetime, STATUS varchar(10), PARAMS varchar(1000), RESULT varchar(1000), DELETED tinyint, CREATE_TIME datetime, UPDATE_TIME datetime, CREATE_USER bigint, UPDATE_USER bigint, PRIMARY KEY (ID) ) ENGINE=InnoDB DEFAULT CHARSET=utf8;
DROP TABLE WEBPORTAL_TASK_CHAIN_INDEX;
CREATE TABLE WEBPORTAL_TASK_CHAIN_INDEX ( ID bigint NOT NULL AUTO_INCREMENT, TASK_ID bigint unsigned, SERVICE_NAME varchar(50), CLUSTER_NAME varchar(50), START_TIME datetime, END_TIME datetime, STATUS varchar(10), DELETED tinyint, CREATE_TIME datetime, UPDATE_TIME datetime, CREATE_USER bigint, UPDATE_USER bigint, PRIMARY KEY (ID) ) ENGINE=InnoDB DEFAULT CHARSET=utf8;
DROP TABLE WEBPORTAL_TEMPLATE_TASK;
CREATE TABLE WEBPORTAL_TEMPLATE_TASK ( ID bigint NOT NULL AUTO_INCREMENT, NAME varchar(20), TASK_TYPE varchar(20), DESCN varchar(100), DELETED tinyint, CREATE_TIME datetime, UPDATE_TIME datetime, CREATE_USER bigint, UPDATE_USER bigint, PRIMARY KEY (ID) ) ENGINE=InnoDB DEFAULT CHARSET=utf8;
DROP TABLE WEBPORTAL_TEMPLATE_TASK_CHAIN;
CREATE TABLE WEBPORTAL_TEMPLATE_TASK_CHAIN ( ID bigint NOT NULL AUTO_INCREMENT, TASK_ID bigint unsigned, TASK_DETAIL_ID bigint unsigned, EXECUTE_ORDER tinyint, RETRY tinyint, DELETED tinyint, CREATE_TIME datetime, UPDATE_TIME datetime, CREATE_USER bigint, UPDATE_USER bigint, PRIMARY KEY (ID) ) ENGINE=InnoDB DEFAULT CHARSET=utf8;
DROP TABLE WEBPORTAL_TEMPLATE_TASK_DETAIL;
CREATE TABLE WEBPORTAL_TEMPLATE_TASK_DETAIL ( ID bigint NOT NULL AUTO_INCREMENT, NAME varchar(200), DESCN varchar(500), BEANNAME varchar(50), TASK_TYPE varchar(20), PARAMS varchar(500), RETRY tinyint, VERSION tinyint, DELETED tinyint, CREATE_TIME datetime, UPDATE_TIME datetime, CREATE_USER bigint, UPDATE_USER bigint, PRIMARY KEY (ID) ) ENGINE=InnoDB DEFAULT CHARSET=utf8;
DROP TABLE WEBPORTAL_USER;
CREATE TABLE WEBPORTAL_USER ( ID bigint NOT NULL AUTO_INCREMENT, USERNAME varchar(30), EMAIL varchar(45), PASSWORD varchar(50), PASSPORT_ID varchar(36), LAST_LOGIN_TIME datetime, LASTLOGIN_IP varchar(20), CURRENT_LOGIN_TIME datetime, CURRENT_LOGIN_IP varchar(20), REGISTER_DATE datetime, IS_ADMIN tinyint, DELETED tinyint, CREATE_TIME datetime, UPDATE_TIME datetime, UPDATE_USER bigint unsigned, CREATE_USER bigint unsigned, PRIMARY KEY (ID) ) ENGINE=InnoDB DEFAULT CHARSET=utf8;
DROP TABLE WEBPORTAL_ZOOKEEPER_INFO;
CREATE TABLE WEBPORTAL_ZOOKEEPER_INFO ( ID bigint unsigned NOT NULL AUTO_INCREMENT, NAME varchar(100), IP varchar(50), PORT varchar(20), USED bigint(5), STATUS varchar(20), DESCN varchar(200) COLLATE utf8_unicode_ci, DELETED tinyint, CREATE_TIME datetime, UPDATE_TIME datetime, CREATE_USER bigint unsigned, UPDATE_USER bigint unsigned, PRIMARY KEY (ID) ) ENGINE=InnoDB DEFAULT CHARSET=utf8;


/*
 * add users
 */
insert into WEBPORTAL_USER (ID, USERNAME, EMAIL, PASSWORD, PASSPORT_ID, LAST_LOGIN_TIME, LASTLOGIN_IP, CURRENT_LOGIN_TIME, CURRENT_LOGIN_IP, REGISTER_DATE, IS_ADMIN, DELETED, CREATE_TIME, UPDATE_TIME, UPDATE_USER, CREATE_USER) values (1, 'sysadmin', 'sysadmin@letv.com', null, null, null, null, '2014-12-29 18:17:16', '0:0:0:0:0:0:0:1', '2014-11-28 14:24:57', 1, null, '2014-11-28 14:24:57', '2014-11-28 14:24:57', 0, 0);
insert into WEBPORTAL_USER (ID, USERNAME, EMAIL, PASSWORD, PASSPORT_ID, LAST_LOGIN_TIME, LASTLOGIN_IP, CURRENT_LOGIN_TIME, CURRENT_LOGIN_IP, REGISTER_DATE, IS_ADMIN, DELETED, CREATE_TIME, UPDATE_TIME, UPDATE_USER, CREATE_USER) values (2, 'yaokuo', 'yaokuo@letv.com', null, null, null, null, '2015-04-28 15:34:49', '127.0.0.1', '2014-11-28 14:34:38', 1, null, '2014-11-28 14:34:38', '2014-11-28 14:34:38', 0, 0);
insert into WEBPORTAL_USER (ID, USERNAME, EMAIL, PASSWORD, PASSPORT_ID, LAST_LOGIN_TIME, LASTLOGIN_IP, CURRENT_LOGIN_TIME, CURRENT_LOGIN_IP, REGISTER_DATE, IS_ADMIN, DELETED, CREATE_TIME, UPDATE_TIME, UPDATE_USER, CREATE_USER) values (3, 'yaofaliang', 'yaofaliang@letv.com', null, null, null, null, '2015-01-04 17:56:39', '10.154.238.73', '2014-11-28 14:43:28', 1, null, '2014-11-28 14:43:28', '2014-11-28 14:43:28', 0, 0);
insert into WEBPORTAL_USER (ID, USERNAME, EMAIL, PASSWORD, PASSPORT_ID, LAST_LOGIN_TIME, LASTLOGIN_IP, CURRENT_LOGIN_TIME, CURRENT_LOGIN_IP, REGISTER_DATE, IS_ADMIN, DELETED, CREATE_TIME, UPDATE_TIME, UPDATE_USER, CREATE_USER) values (4, 'liuhao1', 'liuhao1@letv.com', null, null, null, null, '2015-04-28 14:55:13', '10.154.238.73', '2014-11-28 14:49:01', 1, null, '2014-11-28 14:49:01', '2014-11-28 14:49:01', 0, 0);
insert into WEBPORTAL_USER (ID, USERNAME, EMAIL, PASSWORD, PASSPORT_ID, LAST_LOGIN_TIME, LASTLOGIN_IP, CURRENT_LOGIN_TIME, CURRENT_LOGIN_IP, REGISTER_DATE, IS_ADMIN, DELETED, CREATE_TIME, UPDATE_TIME, UPDATE_USER, CREATE_USER) values (5, 'zhangxiang', 'zhangxiang@letv.com', null, null, null, null, '2015-04-23 20:46:31', '10.154.238.73', '2014-11-28 14:50:12', 1, null, '2014-11-28 14:50:12', '2014-11-28 14:50:12', 0, 0);
insert into WEBPORTAL_USER (ID, USERNAME, EMAIL, PASSWORD, PASSPORT_ID, LAST_LOGIN_TIME, LASTLOGIN_IP, CURRENT_LOGIN_TIME, CURRENT_LOGIN_IP, REGISTER_DATE, IS_ADMIN, DELETED, CREATE_TIME, UPDATE_TIME, UPDATE_USER, CREATE_USER) values (6, 'wujun', 'wujun@letv.com', null, null, null, null, '2014-11-28 17:37:24', '10.58.164.26', '2014-11-28 16:40:56', 1, null, '2014-11-28 16:40:56', '2014-11-28 16:40:56', 0, 0);
insert into WEBPORTAL_USER (ID, USERNAME, EMAIL, PASSWORD, PASSPORT_ID, LAST_LOGIN_TIME, LASTLOGIN_IP, CURRENT_LOGIN_TIME, CURRENT_LOGIN_IP, REGISTER_DATE, IS_ADMIN, DELETED, CREATE_TIME, UPDATE_TIME, UPDATE_USER, CREATE_USER) values (7, 'zhoubingzheng', 'zhoubingzheng@letv.com', null, null, null, null, '2015-04-27 18:28:57', '10.154.238.73', '2014-12-03 10:03:36', 1, null, '2014-12-03 10:03:36', '2014-12-03 10:03:36', 0, 0);
insert into WEBPORTAL_USER (ID, USERNAME, EMAIL, PASSWORD, PASSPORT_ID, LAST_LOGIN_TIME, LASTLOGIN_IP, CURRENT_LOGIN_TIME, CURRENT_LOGIN_IP, REGISTER_DATE, IS_ADMIN, DELETED, CREATE_TIME, UPDATE_TIME, UPDATE_USER, CREATE_USER) values (9, 'jinglinlin', 'jinglinlin@letv.com', null, null, null, null, '2015-04-08 15:18:17', '127.0.0.1', '2014-12-08 11:57:28', 1, null, '2014-12-08 11:57:28', '2014-12-08 11:57:28', 0, 0);
insert into WEBPORTAL_USER (ID, USERNAME, EMAIL, PASSWORD, PASSPORT_ID, LAST_LOGIN_TIME, LASTLOGIN_IP, CURRENT_LOGIN_TIME, CURRENT_LOGIN_IP, REGISTER_DATE, IS_ADMIN, DELETED, CREATE_TIME, UPDATE_TIME, UPDATE_USER, CREATE_USER) values (10, 'zhangzeng', 'zhangzeng@letv.com', null, null, null, null, '2015-04-27 14:42:46', '10.154.238.73', '2014-12-09 11:35:55', 1, null, '2014-12-09 11:35:55', '2014-12-09 11:35:55', 0, 0);
insert into WEBPORTAL_USER (ID, USERNAME, EMAIL, PASSWORD, PASSPORT_ID, LAST_LOGIN_TIME, LASTLOGIN_IP, CURRENT_LOGIN_TIME, CURRENT_LOGIN_IP, REGISTER_DATE, IS_ADMIN, DELETED, CREATE_TIME, UPDATE_TIME, UPDATE_USER, CREATE_USER) values (11, 'gaomin', 'gaomin@letv.com', null, null, null, null, '2015-04-27 15:34:12', '0:0:0:0:0:0:0:1', '2014-12-24 09:04:19', 1, null, '2014-12-24 09:04:20', '2014-12-24 09:04:20', 0, 0);
insert into WEBPORTAL_USER (ID, USERNAME, EMAIL, PASSWORD, PASSPORT_ID, LAST_LOGIN_TIME, LASTLOGIN_IP, CURRENT_LOGIN_TIME, CURRENT_LOGIN_IP, REGISTER_DATE, IS_ADMIN, DELETED, CREATE_TIME, UPDATE_TIME, UPDATE_USER, CREATE_USER) values (12, 'duanwei1', 'duanwei1@letv.com', null, null, null, null, '2015-01-05 15:24:56', '10.154.238.73', '2015-01-04 17:56:55', 1, null, '2015-01-04 17:56:55', '2015-01-04 17:56:55', 0, 0);
insert into WEBPORTAL_USER (ID, USERNAME, EMAIL, PASSWORD, PASSPORT_ID, LAST_LOGIN_TIME, LASTLOGIN_IP, CURRENT_LOGIN_TIME, CURRENT_LOGIN_IP, REGISTER_DATE, IS_ADMIN, DELETED, CREATE_TIME, UPDATE_TIME, UPDATE_USER, CREATE_USER) values (13, 'huangqiaojia', 'huangqiaojia@letv.com', null, null, null, null, '2015-04-26 23:13:19', '10.154.238.70', '2015-03-30 16:05:24', 1, null, '2015-03-30 16:05:24', '2015-03-30 16:05:24', 0, 0);
insert into WEBPORTAL_USER (ID, USERNAME, EMAIL, PASSWORD, PASSPORT_ID, LAST_LOGIN_TIME, LASTLOGIN_IP, CURRENT_LOGIN_TIME, CURRENT_LOGIN_IP, REGISTER_DATE, IS_ADMIN, DELETED, CREATE_TIME, UPDATE_TIME, UPDATE_USER, CREATE_USER) values (14, 'liyunhui', 'liyunhui@letv.com', null, null, null, null, '2015-04-24 10:21:29', '0:0:0:0:0:0:0:1', '2015-03-31 10:05:15', 1, null, '2015-03-31 10:05:15', '2015-03-31 10:05:15', 0, 0);
insert into WEBPORTAL_USER (ID, USERNAME, EMAIL, PASSWORD, PASSPORT_ID, LAST_LOGIN_TIME, LASTLOGIN_IP, CURRENT_LOGIN_TIME, CURRENT_LOGIN_IP, REGISTER_DATE, IS_ADMIN, DELETED, CREATE_TIME, UPDATE_TIME, UPDATE_USER, CREATE_USER) values (15, 'howie_liu', 'howie_liu@126.com', null, null, null, null, '2015-04-03 12:07:41', '0:0:0:0:0:0:0:1', '2015-04-03 11:05:38', 1, null, '2015-04-03 11:05:38', '2015-04-03 11:05:38', 0, 0);
insert into WEBPORTAL_USER (ID, USERNAME, EMAIL, PASSWORD, PASSPORT_ID, LAST_LOGIN_TIME, LASTLOGIN_IP, CURRENT_LOGIN_TIME, CURRENT_LOGIN_IP, REGISTER_DATE, IS_ADMIN, DELETED, CREATE_TIME, UPDATE_TIME, UPDATE_USER, CREATE_USER) values (16, 'caiyinxiang', 'caiyinxiang@letv.com', null, null, null, null, '2015-04-28 15:33:49', '127.0.0.1', '2015-04-09 10:24:27', 1, null, '2015-04-09 10:24:27', '2015-04-09 10:24:27', 0, 0);
insert into WEBPORTAL_USER (ID, USERNAME, EMAIL, PASSWORD, PASSPORT_ID, LAST_LOGIN_TIME, LASTLOGIN_IP, CURRENT_LOGIN_TIME, CURRENT_LOGIN_IP, REGISTER_DATE, IS_ADMIN, DELETED, CREATE_TIME, UPDATE_TIME, UPDATE_USER, CREATE_USER) values (17, 'gm', 'ggggijiejiwofj@163.com', null, null, null, null, '2015-04-27 15:36:49', '0:0:0:0:0:0:0:1', '2015-04-24 16:13:33', 0, null, '2015-04-24 16:13:33', '2015-04-24 16:13:33', 0, 0);

/*
 * add monitor index.
 */
insert into WEBPORTAL_INDEX_MONITOR (ID, TITLE_TEXT, SUB_TITLE_TEXT, Y_AXIS_TEXT, Y_AXIS_TEXT_1, Y_AXIS_TEXT_2, Y_AXIS_TEXT_3, TOOLTIP_SUFFIX, FLUSH_TIME, DETAIL_TABLE, STATUS, DATA_FROM_API, MONITOR_POINT) values (16, 'db.innodb_buffer.memallco', null, '??', null, null, null, 'B', null, 'WEBPORTAL_MONITOR_DB_INNODB_BUFFER_MEMALLCO', 1, '/db/all/stat/innobuffer/memallco', 'total_mem_alloc,add_pool_alloc');
insert into WEBPORTAL_INDEX_MONITOR (ID, TITLE_TEXT, SUB_TITLE_TEXT, Y_AXIS_TEXT, Y_AXIS_TEXT_1, Y_AXIS_TEXT_2, Y_AXIS_TEXT_3, TOOLTIP_SUFFIX, FLUSH_TIME, DETAIL_TABLE, STATUS, DATA_FROM_API, MONITOR_POINT) values (17, 'db.innodb_buffer.page', null, '???', null, null, null, '', null, 'WEBPORTAL_MONITOR_DB_INNODB_BUFFER_PAGE', 1, '/db/all/stat/innobuffer/page', 'pages_modified,pages_total');
insert into WEBPORTAL_INDEX_MONITOR (ID, TITLE_TEXT, SUB_TITLE_TEXT, Y_AXIS_TEXT, Y_AXIS_TEXT_1, Y_AXIS_TEXT_2, Y_AXIS_TEXT_3, TOOLTIP_SUFFIX, FLUSH_TIME, DETAIL_TABLE, STATUS, DATA_FROM_API, MONITOR_POINT) values (18, 'db.innodb_buffer.pool', null, '???', null, null, null, '', null, 'WEBPORTAL_MONITOR_DB_INNODB_BUFFER_POOL', 1, '/db/all/stat/innobuffer/pool', 'buf_pool_hit_rate,buf_free,buf_pool_size');
insert into WEBPORTAL_INDEX_MONITOR (ID, TITLE_TEXT, SUB_TITLE_TEXT, Y_AXIS_TEXT, Y_AXIS_TEXT_1, Y_AXIS_TEXT_2, Y_AXIS_TEXT_3, TOOLTIP_SUFFIX, FLUSH_TIME, DETAIL_TABLE, STATUS, DATA_FROM_API, MONITOR_POINT) values (19, 'db.variable_status.ps', null, '?????', null, null, null, 'n/s', null, 'WEBPORTAL_MONITOR_DB_VARIABLESTATUS_PS', 1, '/db/all/stat/variablestatus/ps', 'Commit_PS,QPS,Opens_PS,Threads_PS');
insert into WEBPORTAL_INDEX_MONITOR (ID, TITLE_TEXT, SUB_TITLE_TEXT, Y_AXIS_TEXT, Y_AXIS_TEXT_1, Y_AXIS_TEXT_2, Y_AXIS_TEXT_3, TOOLTIP_SUFFIX, FLUSH_TIME, DETAIL_TABLE, STATUS, DATA_FROM_API, MONITOR_POINT) values (20, 'db.variable_status.ration', null, '??', null, null, null, '', null, 'WEBPORTAL_MONITOR_DB_VARIABLESTATUS_RATION', 1, '/db/all/stat/variablestatus/ration', 'R_W_Ratio,Write_Commit,Rollback_Commit');
insert into WEBPORTAL_INDEX_MONITOR (ID, TITLE_TEXT, SUB_TITLE_TEXT, Y_AXIS_TEXT, Y_AXIS_TEXT_1, Y_AXIS_TEXT_2, Y_AXIS_TEXT_3, TOOLTIP_SUFFIX, FLUSH_TIME, DETAIL_TABLE, STATUS, DATA_FROM_API, MONITOR_POINT) values (21, 'db.variable_status.used', null, '???', null, null, null, '', null, 'WEBPORTAL_MONITOR_DB_VARIABLESTATUS_USED', 1, '/db/all/stat/variablestatus/used', 'Table_Cache_Used,Thread_Cache_Used,CXN_Used_Now,CXN_Used_Ever');
insert into WEBPORTAL_INDEX_MONITOR (ID, TITLE_TEXT, SUB_TITLE_TEXT, Y_AXIS_TEXT, Y_AXIS_TEXT_1, Y_AXIS_TEXT_2, Y_AXIS_TEXT_3, TOOLTIP_SUFFIX, FLUSH_TIME, DETAIL_TABLE, STATUS, DATA_FROM_API, MONITOR_POINT) values (22, 'db.row_opers.ps', null, '???', null, null, null, '/s', null, 'WEBPORTAL_MONITOR_DB_ROWOPERS_PS', 1, '/db/all/stat/rowsoper/ps', 'num_updates_sec,num_deletes_sec,num_reads_sec,num_inserts_sec');
insert into WEBPORTAL_INDEX_MONITOR (ID, TITLE_TEXT, SUB_TITLE_TEXT, Y_AXIS_TEXT, Y_AXIS_TEXT_1, Y_AXIS_TEXT_2, Y_AXIS_TEXT_3, TOOLTIP_SUFFIX, FLUSH_TIME, DETAIL_TABLE, STATUS, DATA_FROM_API, MONITOR_POINT) values (23, 'db.row_opers.total', null, '???', null, null, null, '', null, 'WEBPORTAL_MONITOR_DB_ROWOPERS_TOTAL', 1, '/db/all/stat/rowsoper/total', 'num_inserts,num_deletes,num_updates,num_reads');
insert into WEBPORTAL_INDEX_MONITOR (ID, TITLE_TEXT, SUB_TITLE_TEXT, Y_AXIS_TEXT, Y_AXIS_TEXT_1, Y_AXIS_TEXT_2, Y_AXIS_TEXT_3, TOOLTIP_SUFFIX, FLUSH_TIME, DETAIL_TABLE, STATUS, DATA_FROM_API, MONITOR_POINT) values (24, 'db.wsrep_status.flow_control_paused', null, '??', null, null, null, '', null, 'WEBPORTAL_MONITOR_WSREPSTATUS_FLOWCONTROL_PAUSED', 1, '/db/all/stat/wsrepstatus/flow_control_paused', 'wsrep_flow_control_paused');
insert into WEBPORTAL_INDEX_MONITOR (ID, TITLE_TEXT, SUB_TITLE_TEXT, Y_AXIS_TEXT, Y_AXIS_TEXT_1, Y_AXIS_TEXT_2, Y_AXIS_TEXT_3, TOOLTIP_SUFFIX, FLUSH_TIME, DETAIL_TABLE, STATUS, DATA_FROM_API, MONITOR_POINT) values (25, 'db.wsrep_status.slowest_node_param', null, '??', null, null, null, '', null, 'WEBPORTAL_MONITOR_WSREPSTATUS_SLOWESTNODE_PARAM', 1, '/db/all/stat/wsrepstatus/slowest_node_param', 'wsrep_flow_control_sent,wsrep_local_recv_queue_avg');
insert into WEBPORTAL_INDEX_MONITOR (ID, TITLE_TEXT, SUB_TITLE_TEXT, Y_AXIS_TEXT, Y_AXIS_TEXT_1, Y_AXIS_TEXT_2, Y_AXIS_TEXT_3, TOOLTIP_SUFFIX, FLUSH_TIME, DETAIL_TABLE, STATUS, DATA_FROM_API, MONITOR_POINT) values (26, 'db.wsrep_status.slowest_network_param', null, '??', null, null, null, '', null, 'WEBPORTAL_MONITOR_WSREPSTATUS_SLOWESTNETWORK_PARAM', 1, '/db/all/stat/wsrepstatus/slowest_network_param', 'wsrep_local_send_queue_avg');
insert into WEBPORTAL_INDEX_MONITOR (ID, TITLE_TEXT, SUB_TITLE_TEXT, Y_AXIS_TEXT, Y_AXIS_TEXT_1, Y_AXIS_TEXT_2, Y_AXIS_TEXT_3, TOOLTIP_SUFFIX, FLUSH_TIME, DETAIL_TABLE, STATUS, DATA_FROM_API, MONITOR_POINT) values (27, 'node.memory.size', null, '????', null, null, null, 'GB', null, 'WEBPORTAL_MONITOR_NODE_MEMORYSIZE', 1, '/node/stat/memory/size', 'node_mem_free_size,node_mem_used_size');
insert into WEBPORTAL_INDEX_MONITOR (ID, TITLE_TEXT, SUB_TITLE_TEXT, Y_AXIS_TEXT, Y_AXIS_TEXT_1, Y_AXIS_TEXT_2, Y_AXIS_TEXT_3, TOOLTIP_SUFFIX, FLUSH_TIME, DETAIL_TABLE, STATUS, DATA_FROM_API, MONITOR_POINT) values (28, 'node.datadir.size', null, '??????', null, null, null, '%', null, 'WEBPORTAL_MONITOR_NODE_DATADIRSIZE', 1, '/node/stat/datadir/size', '/,/srv/mcluster');
insert into WEBPORTAL_INDEX_MONITOR (ID, TITLE_TEXT, SUB_TITLE_TEXT, Y_AXIS_TEXT, Y_AXIS_TEXT_1, Y_AXIS_TEXT_2, Y_AXIS_TEXT_3, TOOLTIP_SUFFIX, FLUSH_TIME, DETAIL_TABLE, STATUS, DATA_FROM_API, MONITOR_POINT) values (29, 'node.mysql_cpu.partion', null, 'cpu??', null, null, null, '%', null, 'WEBPORTAL_MONITOR_MYSQLCPUPARTION', 1, '/node/stat/mysqlcpu/partion', 'mysql_cpu_partion');
insert into WEBPORTAL_INDEX_MONITOR (ID, TITLE_TEXT, SUB_TITLE_TEXT, Y_AXIS_TEXT, Y_AXIS_TEXT_1, Y_AXIS_TEXT_2, Y_AXIS_TEXT_3, TOOLTIP_SUFFIX, FLUSH_TIME, DETAIL_TABLE, STATUS, DATA_FROM_API, MONITOR_POINT) values (30, 'node.mysql_memory.partion', null, '????', null, null, null, '%', null, 'WEBPORTAL_MONITOR_MYSQLMEMORYPARTION', 1, '/node/stat/mysqlmemory/partion', 'mysql_mem_partion');
insert into WEBPORTAL_INDEX_MONITOR (ID, TITLE_TEXT, SUB_TITLE_TEXT, Y_AXIS_TEXT, Y_AXIS_TEXT_1, Y_AXIS_TEXT_2, Y_AXIS_TEXT_3, TOOLTIP_SUFFIX, FLUSH_TIME, DETAIL_TABLE, STATUS, DATA_FROM_API, MONITOR_POINT) values (31, 'container.memery', null, null, null, null, null, 'M', null, 'WEBPORTAL_MONITOR_CONTAINER_MEMERY', 2, '/containerCluster/stat/{0}/memory', 'total_cache,total_swap,total_rss');
insert into WEBPORTAL_INDEX_MONITOR (ID, TITLE_TEXT, SUB_TITLE_TEXT, Y_AXIS_TEXT, Y_AXIS_TEXT_1, Y_AXIS_TEXT_2, Y_AXIS_TEXT_3, TOOLTIP_SUFFIX, FLUSH_TIME, DETAIL_TABLE, STATUS, DATA_FROM_API, MONITOR_POINT) values (32, 'container.cpuacct', null, null, null, null, null, '%', null, 'WEBPORTAL_MONITOR_CONTAINER_CPUACCT', 2, '/containerCluster/stat/{0}/cpuacct', 'system,user');
insert into WEBPORTAL_INDEX_MONITOR (ID, TITLE_TEXT, SUB_TITLE_TEXT, Y_AXIS_TEXT, Y_AXIS_TEXT_1, Y_AXIS_TEXT_2, Y_AXIS_TEXT_3, TOOLTIP_SUFFIX, FLUSH_TIME, DETAIL_TABLE, STATUS, DATA_FROM_API, MONITOR_POINT) values (33, 'container.networkio', null, null, null, null, null, 'M/s', null, 'WEBPORTAL_MONITOR_CONTAINER_NETWORKIO', 2, '/containerCluster/stat/{0}/networkio', 'RX,TX');
insert into WEBPORTAL_INDEX_MONITOR (ID, TITLE_TEXT, SUB_TITLE_TEXT, Y_AXIS_TEXT, Y_AXIS_TEXT_1, Y_AXIS_TEXT_2, Y_AXIS_TEXT_3, TOOLTIP_SUFFIX, FLUSH_TIME, DETAIL_TABLE, STATUS, DATA_FROM_API, MONITOR_POINT) values (34, 'container.disk', null, null, null, null, null, 'G', null, 'WEBPORTAL_MONITOR_CONTAINER_DISK', 2, '/containerCluster/stat/{0}/disk', 'root_mount,mysql_mount');

/*
 * add task datas.
 */
insert into WEBPORTAL_TEMPLATE_TASK (ID, NAME, TASK_TYPE, DESCN, DELETED, CREATE_TIME, UPDATE_TIME, CREATE_USER, UPDATE_USER) values (5, 'RDS_BUY', 'RDS', 'RDS购买', 0, '2015-03-31 17:01:26', null, null, null);
insert into WEBPORTAL_TEMPLATE_TASK (ID, NAME, TASK_TYPE, DESCN, DELETED, CREATE_TIME, UPDATE_TIME, CREATE_USER, UPDATE_USER) values (6, 'GCE_BUY', 'GCE', 'GCE_BUY', 0, '2015-04-01 10:07:58', null, null, null);
insert into WEBPORTAL_TEMPLATE_TASK (ID, NAME, TASK_TYPE, DESCN, DELETED, CREATE_TIME, UPDATE_TIME, CREATE_USER, UPDATE_USER) values (7, 'SLB_BUY', 'SLB', 'SLB_BUY', 0, '2015-04-03 10:33:51', null, null, null);
insert into WEBPORTAL_TEMPLATE_TASK (ID, NAME, TASK_TYPE, DESCN, DELETED, CREATE_TIME, UPDATE_TIME, CREATE_USER, UPDATE_USER) values (8, 'GCE_BUY_EXT', 'GCE', 'GCE_BUY_EXT', 0, '2015-04-01 10:07:58', null, null, null);
insert into WEBPORTAL_TEMPLATE_TASK (ID, NAME, TASK_TYPE, DESCN, DELETED, CREATE_TIME, UPDATE_TIME, CREATE_USER, UPDATE_USER) values (9, 'cache_buy', 'RDS', 'cache_buy', 0, '2015-04-13 10:49:18', null, null, null);
insert into WEBPORTAL_TEMPLATE_TASK (ID, NAME, TASK_TYPE, DESCN, DELETED, CREATE_TIME, UPDATE_TIME, CREATE_USER, UPDATE_USER) values (10, 'CBASE_BUY', 'CBASE', 'CBASE购买', 0, '2015-04-21 15:00:33', null, null, null);

insert into WEBPORTAL_TEMPLATE_TASK_CHAIN (ID, TASK_ID, TASK_DETAIL_ID, EXECUTE_ORDER, RETRY, DELETED, CREATE_TIME, UPDATE_TIME, CREATE_USER, UPDATE_USER) values (91, 6, 29, 1, 1, 0, '2015-04-03 20:35:28', null, null, null);
insert into WEBPORTAL_TEMPLATE_TASK_CHAIN (ID, TASK_ID, TASK_DETAIL_ID, EXECUTE_ORDER, RETRY, DELETED, CREATE_TIME, UPDATE_TIME, CREATE_USER, UPDATE_USER) values (92, 6, 30, 2, 1, 0, '2015-04-03 20:35:32', null, null, null);
insert into WEBPORTAL_TEMPLATE_TASK_CHAIN (ID, TASK_ID, TASK_DETAIL_ID, EXECUTE_ORDER, RETRY, DELETED, CREATE_TIME, UPDATE_TIME, CREATE_USER, UPDATE_USER) values (93, 6, 31, 3, 1, 0, '2015-04-03 20:35:35', null, null, null);
insert into WEBPORTAL_TEMPLATE_TASK_CHAIN (ID, TASK_ID, TASK_DETAIL_ID, EXECUTE_ORDER, RETRY, DELETED, CREATE_TIME, UPDATE_TIME, CREATE_USER, UPDATE_USER) values (94, 6, 32, 4, 1, 0, '2015-04-03 20:35:40', null, null, null);
insert into WEBPORTAL_TEMPLATE_TASK_CHAIN (ID, TASK_ID, TASK_DETAIL_ID, EXECUTE_ORDER, RETRY, DELETED, CREATE_TIME, UPDATE_TIME, CREATE_USER, UPDATE_USER) values (95, 6, 33, 5, 1, 0, '2015-04-03 20:35:45', null, null, null);
insert into WEBPORTAL_TEMPLATE_TASK_CHAIN (ID, TASK_ID, TASK_DETAIL_ID, EXECUTE_ORDER, RETRY, DELETED, CREATE_TIME, UPDATE_TIME, CREATE_USER, UPDATE_USER) values (96, 6, 34, 6, 1, 0, '2015-04-03 20:35:50', null, null, null);
insert into WEBPORTAL_TEMPLATE_TASK_CHAIN (ID, TASK_ID, TASK_DETAIL_ID, EXECUTE_ORDER, RETRY, DELETED, CREATE_TIME, UPDATE_TIME, CREATE_USER, UPDATE_USER) values (97, 6, 35, 7, 1, 0, '2015-04-03 20:35:57', null, null, null);
insert into WEBPORTAL_TEMPLATE_TASK_CHAIN (ID, TASK_ID, TASK_DETAIL_ID, EXECUTE_ORDER, RETRY, DELETED, CREATE_TIME, UPDATE_TIME, CREATE_USER, UPDATE_USER) values (98, 6, 36, 8, 1, 0, '2015-04-03 20:36:01', null, null, null);
insert into WEBPORTAL_TEMPLATE_TASK_CHAIN (ID, TASK_ID, TASK_DETAIL_ID, EXECUTE_ORDER, RETRY, DELETED, CREATE_TIME, UPDATE_TIME, CREATE_USER, UPDATE_USER) values (99, 6, 37, 9, 1, 0, '2015-04-03 20:36:09', null, null, null);
insert into WEBPORTAL_TEMPLATE_TASK_CHAIN (ID, TASK_ID, TASK_DETAIL_ID, EXECUTE_ORDER, RETRY, DELETED, CREATE_TIME, UPDATE_TIME, CREATE_USER, UPDATE_USER) values (100, 6, 38, 10, 1, 0, '2015-04-03 20:36:13', null, null, null);
insert into WEBPORTAL_TEMPLATE_TASK_CHAIN (ID, TASK_ID, TASK_DETAIL_ID, EXECUTE_ORDER, RETRY, DELETED, CREATE_TIME, UPDATE_TIME, CREATE_USER, UPDATE_USER) values (101, 7, 39, 1, 1, 0, '2015-04-03 20:36:24', null, null, null);
insert into WEBPORTAL_TEMPLATE_TASK_CHAIN (ID, TASK_ID, TASK_DETAIL_ID, EXECUTE_ORDER, RETRY, DELETED, CREATE_TIME, UPDATE_TIME, CREATE_USER, UPDATE_USER) values (102, 7, 40, 2, 1, 0, '2015-04-03 20:36:28', null, null, null);
insert into WEBPORTAL_TEMPLATE_TASK_CHAIN (ID, TASK_ID, TASK_DETAIL_ID, EXECUTE_ORDER, RETRY, DELETED, CREATE_TIME, UPDATE_TIME, CREATE_USER, UPDATE_USER) values (103, 7, 42, 3, 1, 0, '2015-04-03 20:36:31', null, null, null);
insert into WEBPORTAL_TEMPLATE_TASK_CHAIN (ID, TASK_ID, TASK_DETAIL_ID, EXECUTE_ORDER, RETRY, DELETED, CREATE_TIME, UPDATE_TIME, CREATE_USER, UPDATE_USER) values (104, 7, 44, 4, 1, 0, '2015-04-03 20:36:34', null, null, null);
insert into WEBPORTAL_TEMPLATE_TASK_CHAIN (ID, TASK_ID, TASK_DETAIL_ID, EXECUTE_ORDER, RETRY, DELETED, CREATE_TIME, UPDATE_TIME, CREATE_USER, UPDATE_USER) values (105, 7, 45, 5, 1, 0, '2015-04-03 20:36:38', null, null, null);
insert into WEBPORTAL_TEMPLATE_TASK_CHAIN (ID, TASK_ID, TASK_DETAIL_ID, EXECUTE_ORDER, RETRY, DELETED, CREATE_TIME, UPDATE_TIME, CREATE_USER, UPDATE_USER) values (106, 7, 46, 6, 1, 0, '2015-04-03 20:36:41', null, null, null);
insert into WEBPORTAL_TEMPLATE_TASK_CHAIN (ID, TASK_ID, TASK_DETAIL_ID, EXECUTE_ORDER, RETRY, DELETED, CREATE_TIME, UPDATE_TIME, CREATE_USER, UPDATE_USER) values (107, 7, 47, 7, 1, 0, '2015-04-03 20:36:45', null, null, null);
insert into WEBPORTAL_TEMPLATE_TASK_CHAIN (ID, TASK_ID, TASK_DETAIL_ID, EXECUTE_ORDER, RETRY, DELETED, CREATE_TIME, UPDATE_TIME, CREATE_USER, UPDATE_USER) values (108, 7, 48, 8, 1, 0, '2015-04-03 20:36:50', null, null, null);
insert into WEBPORTAL_TEMPLATE_TASK_CHAIN (ID, TASK_ID, TASK_DETAIL_ID, EXECUTE_ORDER, RETRY, DELETED, CREATE_TIME, UPDATE_TIME, CREATE_USER, UPDATE_USER) values (109, 7, 49, 9, 1, 0, '2015-04-03 20:36:53', null, null, null);
insert into WEBPORTAL_TEMPLATE_TASK_CHAIN (ID, TASK_ID, TASK_DETAIL_ID, EXECUTE_ORDER, RETRY, DELETED, CREATE_TIME, UPDATE_TIME, CREATE_USER, UPDATE_USER) values (110, 6, 50, 11, 1, 0, '2015-04-07 11:12:23', null, null, null);
insert into WEBPORTAL_TEMPLATE_TASK_CHAIN (ID, TASK_ID, TASK_DETAIL_ID, EXECUTE_ORDER, RETRY, DELETED, CREATE_TIME, UPDATE_TIME, CREATE_USER, UPDATE_USER) values (111, 5, 25, 1, 1, 0, '2015-04-17 14:35:45', null, null, null);
insert into WEBPORTAL_TEMPLATE_TASK_CHAIN (ID, TASK_ID, TASK_DETAIL_ID, EXECUTE_ORDER, RETRY, DELETED, CREATE_TIME, UPDATE_TIME, CREATE_USER, UPDATE_USER) values (112, 5, 26, 2, 1, 0, '2015-04-17 14:35:52', null, null, null);
insert into WEBPORTAL_TEMPLATE_TASK_CHAIN (ID, TASK_ID, TASK_DETAIL_ID, EXECUTE_ORDER, RETRY, DELETED, CREATE_TIME, UPDATE_TIME, CREATE_USER, UPDATE_USER) values (113, 5, 27, 3, 1, 0, '2015-04-17 14:35:57', null, null, null);
insert into WEBPORTAL_TEMPLATE_TASK_CHAIN (ID, TASK_ID, TASK_DETAIL_ID, EXECUTE_ORDER, RETRY, DELETED, CREATE_TIME, UPDATE_TIME, CREATE_USER, UPDATE_USER) values (114, 5, 28, 4, 1, 0, '2015-04-17 14:36:01', null, null, null);
insert into WEBPORTAL_TEMPLATE_TASK_CHAIN (ID, TASK_ID, TASK_DETAIL_ID, EXECUTE_ORDER, RETRY, DELETED, CREATE_TIME, UPDATE_TIME, CREATE_USER, UPDATE_USER) values (115, 5, 8, 5, 1, 0, '2015-04-17 14:37:03', null, null, null);
insert into WEBPORTAL_TEMPLATE_TASK_CHAIN (ID, TASK_ID, TASK_DETAIL_ID, EXECUTE_ORDER, RETRY, DELETED, CREATE_TIME, UPDATE_TIME, CREATE_USER, UPDATE_USER) values (116, 5, 9, 6, 1, 0, '2015-04-17 14:37:07', null, null, null);
insert into WEBPORTAL_TEMPLATE_TASK_CHAIN (ID, TASK_ID, TASK_DETAIL_ID, EXECUTE_ORDER, RETRY, DELETED, CREATE_TIME, UPDATE_TIME, CREATE_USER, UPDATE_USER) values (117, 5, 10, 7, 1, 0, '2015-04-17 14:37:11', null, null, null);
insert into WEBPORTAL_TEMPLATE_TASK_CHAIN (ID, TASK_ID, TASK_DETAIL_ID, EXECUTE_ORDER, RETRY, DELETED, CREATE_TIME, UPDATE_TIME, CREATE_USER, UPDATE_USER) values (118, 5, 11, 8, 1, 0, '2015-04-17 14:37:14', null, null, null);
insert into WEBPORTAL_TEMPLATE_TASK_CHAIN (ID, TASK_ID, TASK_DETAIL_ID, EXECUTE_ORDER, RETRY, DELETED, CREATE_TIME, UPDATE_TIME, CREATE_USER, UPDATE_USER) values (119, 5, 12, 9, 1, 0, '2015-04-17 14:37:18', null, null, null);
insert into WEBPORTAL_TEMPLATE_TASK_CHAIN (ID, TASK_ID, TASK_DETAIL_ID, EXECUTE_ORDER, RETRY, DELETED, CREATE_TIME, UPDATE_TIME, CREATE_USER, UPDATE_USER) values (120, 5, 13, 10, 1, 0, '2015-04-17 14:37:22', null, null, null);
insert into WEBPORTAL_TEMPLATE_TASK_CHAIN (ID, TASK_ID, TASK_DETAIL_ID, EXECUTE_ORDER, RETRY, DELETED, CREATE_TIME, UPDATE_TIME, CREATE_USER, UPDATE_USER) values (121, 5, 14, 11, 1, 0, '2015-04-17 14:37:26', null, null, null);
insert into WEBPORTAL_TEMPLATE_TASK_CHAIN (ID, TASK_ID, TASK_DETAIL_ID, EXECUTE_ORDER, RETRY, DELETED, CREATE_TIME, UPDATE_TIME, CREATE_USER, UPDATE_USER) values (122, 5, 15, 12, 1, 0, '2015-04-17 14:37:30', null, null, null);
insert into WEBPORTAL_TEMPLATE_TASK_CHAIN (ID, TASK_ID, TASK_DETAIL_ID, EXECUTE_ORDER, RETRY, DELETED, CREATE_TIME, UPDATE_TIME, CREATE_USER, UPDATE_USER) values (123, 5, 16, 13, 1, 0, '2015-04-17 14:37:36', null, null, null);
insert into WEBPORTAL_TEMPLATE_TASK_CHAIN (ID, TASK_ID, TASK_DETAIL_ID, EXECUTE_ORDER, RETRY, DELETED, CREATE_TIME, UPDATE_TIME, CREATE_USER, UPDATE_USER) values (124, 5, 17, 14, 1, 0, '2015-04-17 14:37:44', null, null, null);
insert into WEBPORTAL_TEMPLATE_TASK_CHAIN (ID, TASK_ID, TASK_DETAIL_ID, EXECUTE_ORDER, RETRY, DELETED, CREATE_TIME, UPDATE_TIME, CREATE_USER, UPDATE_USER) values (125, 5, 18, 15, 1, 0, '2015-04-17 14:37:49', null, null, null);
insert into WEBPORTAL_TEMPLATE_TASK_CHAIN (ID, TASK_ID, TASK_DETAIL_ID, EXECUTE_ORDER, RETRY, DELETED, CREATE_TIME, UPDATE_TIME, CREATE_USER, UPDATE_USER) values (126, 5, 19, 16, 1, 0, '2015-04-17 14:37:56', null, null, null);
insert into WEBPORTAL_TEMPLATE_TASK_CHAIN (ID, TASK_ID, TASK_DETAIL_ID, EXECUTE_ORDER, RETRY, DELETED, CREATE_TIME, UPDATE_TIME, CREATE_USER, UPDATE_USER) values (127, 5, 20, 17, 1, 0, '2015-04-17 14:38:02', null, null, null);
insert into WEBPORTAL_TEMPLATE_TASK_CHAIN (ID, TASK_ID, TASK_DETAIL_ID, EXECUTE_ORDER, RETRY, DELETED, CREATE_TIME, UPDATE_TIME, CREATE_USER, UPDATE_USER) values (128, 5, 21, 18, 1, 0, '2015-04-17 14:38:06', null, null, null);
insert into WEBPORTAL_TEMPLATE_TASK_CHAIN (ID, TASK_ID, TASK_DETAIL_ID, EXECUTE_ORDER, RETRY, DELETED, CREATE_TIME, UPDATE_TIME, CREATE_USER, UPDATE_USER) values (129, 5, 22, 19, 1, 0, '2015-04-17 14:38:10', null, null, null);
insert into WEBPORTAL_TEMPLATE_TASK_CHAIN (ID, TASK_ID, TASK_DETAIL_ID, EXECUTE_ORDER, RETRY, DELETED, CREATE_TIME, UPDATE_TIME, CREATE_USER, UPDATE_USER) values (130, 5, 23, 20, 1, 0, '2015-04-17 14:38:14', null, null, null);
insert into WEBPORTAL_TEMPLATE_TASK_CHAIN (ID, TASK_ID, TASK_DETAIL_ID, EXECUTE_ORDER, RETRY, DELETED, CREATE_TIME, UPDATE_TIME, CREATE_USER, UPDATE_USER) values (140, 10, 51, 1, 1, 0, '2015-04-24 09:48:09', null, null, null);
insert into WEBPORTAL_TEMPLATE_TASK_CHAIN (ID, TASK_ID, TASK_DETAIL_ID, EXECUTE_ORDER, RETRY, DELETED, CREATE_TIME, UPDATE_TIME, CREATE_USER, UPDATE_USER) values (141, 10, 52, 2, 1, 0, '2015-04-24 09:48:15', null, null, null);
insert into WEBPORTAL_TEMPLATE_TASK_CHAIN (ID, TASK_ID, TASK_DETAIL_ID, EXECUTE_ORDER, RETRY, DELETED, CREATE_TIME, UPDATE_TIME, CREATE_USER, UPDATE_USER) values (142, 10, 53, 3, 1, 0, '2015-04-24 09:48:23', null, null, null);
insert into WEBPORTAL_TEMPLATE_TASK_CHAIN (ID, TASK_ID, TASK_DETAIL_ID, EXECUTE_ORDER, RETRY, DELETED, CREATE_TIME, UPDATE_TIME, CREATE_USER, UPDATE_USER) values (143, 10, 54, 4, 1, 0, '2015-04-24 09:48:32', null, null, null);
insert into WEBPORTAL_TEMPLATE_TASK_CHAIN (ID, TASK_ID, TASK_DETAIL_ID, EXECUTE_ORDER, RETRY, DELETED, CREATE_TIME, UPDATE_TIME, CREATE_USER, UPDATE_USER) values (144, 10, 55, 5, 1, 0, '2015-04-24 09:48:38', null, null, null);
insert into WEBPORTAL_TEMPLATE_TASK_CHAIN (ID, TASK_ID, TASK_DETAIL_ID, EXECUTE_ORDER, RETRY, DELETED, CREATE_TIME, UPDATE_TIME, CREATE_USER, UPDATE_USER) values (145, 10, 55, 6, 1, 0, '2015-04-24 09:48:43', null, null, null);
insert into WEBPORTAL_TEMPLATE_TASK_CHAIN (ID, TASK_ID, TASK_DETAIL_ID, EXECUTE_ORDER, RETRY, DELETED, CREATE_TIME, UPDATE_TIME, CREATE_USER, UPDATE_USER) values (146, 10, 56, 7, 1, 0, '2015-04-24 09:48:49', null, null, null);
insert into WEBPORTAL_TEMPLATE_TASK_CHAIN (ID, TASK_ID, TASK_DETAIL_ID, EXECUTE_ORDER, RETRY, DELETED, CREATE_TIME, UPDATE_TIME, CREATE_USER, UPDATE_USER) values (147, 10, 57, 8, 1, 0, '2015-04-24 09:48:56', null, null, null);
insert into WEBPORTAL_TEMPLATE_TASK_CHAIN (ID, TASK_ID, TASK_DETAIL_ID, EXECUTE_ORDER, RETRY, DELETED, CREATE_TIME, UPDATE_TIME, CREATE_USER, UPDATE_USER) values (148, 10, 58, 9, 1, 0, '2015-04-24 09:49:04', null, null, null);

insert into WEBPORTAL_TEMPLATE_TASK_DETAIL (ID, NAME, DESCN, BEANNAME, TASK_TYPE, PARAMS, RETRY, VERSION, DELETED, CREATE_TIME, UPDATE_TIME, CREATE_USER, UPDATE_USER) values (8, 'taskMclusterInitZookeeperService', 'taskMclusterInitZookeeperService', 'taskMclusterInitZookeeperService', 'RDS', null, 1, null, null, null, null, null, null);
insert into WEBPORTAL_TEMPLATE_TASK_DETAIL (ID, NAME, DESCN, BEANNAME, TASK_TYPE, PARAMS, RETRY, VERSION, DELETED, CREATE_TIME, UPDATE_TIME, CREATE_USER, UPDATE_USER) values (9, 'taskMclusterInitAdminUserAndPwdService', 'taskMclusterInitAdminUserAndPwdService', 'taskMclusterInitAdminUserAndPwdService', 'RDS', null, 1, null, null, null, null, null, null);
insert into WEBPORTAL_TEMPLATE_TASK_DETAIL (ID, NAME, DESCN, BEANNAME, TASK_TYPE, PARAMS, RETRY, VERSION, DELETED, CREATE_TIME, UPDATE_TIME, CREATE_USER, UPDATE_USER) values (10, 'taskMclusterPostInfoService', 'taskMclusterPostInfoService', 'taskMclusterPostInfoService', 'RDS', null, 1, null, null, null, null, null, null);
insert into WEBPORTAL_TEMPLATE_TASK_DETAIL (ID, NAME, DESCN, BEANNAME, TASK_TYPE, PARAMS, RETRY, VERSION, DELETED, CREATE_TIME, UPDATE_TIME, CREATE_USER, UPDATE_USER) values (11, 'taskMclusterInitService', 'taskMclusterInitService', 'taskMclusterInitService', 'RDS', null, 1, null, null, null, null, null, null);
insert into WEBPORTAL_TEMPLATE_TASK_DETAIL (ID, NAME, DESCN, BEANNAME, TASK_TYPE, PARAMS, RETRY, VERSION, DELETED, CREATE_TIME, UPDATE_TIME, CREATE_USER, UPDATE_USER) values (12, 'taskDbCreateService', 'taskDbCreateService', 'taskDbCreateService', 'RDS', null, 1, null, null, null, null, null, null);
insert into WEBPORTAL_TEMPLATE_TASK_DETAIL (ID, NAME, DESCN, BEANNAME, TASK_TYPE, PARAMS, RETRY, VERSION, DELETED, CREATE_TIME, UPDATE_TIME, CREATE_USER, UPDATE_USER) values (13, 'taskDbUserCreateService', 'taskDbUserCreateService', 'taskDbUserCreateService', 'RDS', null, 1, null, null, null, null, null, null);
insert into WEBPORTAL_TEMPLATE_TASK_DETAIL (ID, NAME, DESCN, BEANNAME, TASK_TYPE, PARAMS, RETRY, VERSION, DELETED, CREATE_TIME, UPDATE_TIME, CREATE_USER, UPDATE_USER) values (14, 'taskContainerSyncService', 'taskContainerSyncService', 'taskContainerSyncService', 'RDS', null, 1, null, null, null, null, null, null);
insert into WEBPORTAL_TEMPLATE_TASK_DETAIL (ID, NAME, DESCN, BEANNAME, TASK_TYPE, PARAMS, RETRY, VERSION, DELETED, CREATE_TIME, UPDATE_TIME, CREATE_USER, UPDATE_USER) values (15, 'taskContainerPostInfoService', 'taskContainerPostInfoService', 'taskContainerPostInfoService', 'RDS', null, 1, null, null, null, null, null, null);
insert into WEBPORTAL_TEMPLATE_TASK_DETAIL (ID, NAME, DESCN, BEANNAME, TASK_TYPE, PARAMS, RETRY, VERSION, DELETED, CREATE_TIME, UPDATE_TIME, CREATE_USER, UPDATE_USER) values (16, 'taskContainerSync2Service', 'taskContainerSync2Service', 'taskContainerSync2Service', 'RDS', null, 1, null, null, null, null, null, null);
insert into WEBPORTAL_TEMPLATE_TASK_DETAIL (ID, NAME, DESCN, BEANNAME, TASK_TYPE, PARAMS, RETRY, VERSION, DELETED, CREATE_TIME, UPDATE_TIME, CREATE_USER, UPDATE_USER) values (17, 'taskContainerPostInfo2Service', 'taskContainerPostInfo2Service', 'taskContainerPostInfo2Service', 'RDS', null, 1, null, null, null, null, null, null);
insert into WEBPORTAL_TEMPLATE_TASK_DETAIL (ID, NAME, DESCN, BEANNAME, TASK_TYPE, PARAMS, RETRY, VERSION, DELETED, CREATE_TIME, UPDATE_TIME, CREATE_USER, UPDATE_USER) values (18, 'taskMclusterStartService', 'taskMclusterStartService', 'taskMclusterStartService', 'RDS', null, 1, null, null, null, null, null, null);
insert into WEBPORTAL_TEMPLATE_TASK_DETAIL (ID, NAME, DESCN, BEANNAME, TASK_TYPE, PARAMS, RETRY, VERSION, DELETED, CREATE_TIME, UPDATE_TIME, CREATE_USER, UPDATE_USER) values (19, 'taskContainerCheckStatusService', 'taskContainerCheckStatusService', 'taskContainerCheckStatusService', 'RDS', null, 1, null, null, null, null, null, null);
insert into WEBPORTAL_TEMPLATE_TASK_DETAIL (ID, NAME, DESCN, BEANNAME, TASK_TYPE, PARAMS, RETRY, VERSION, DELETED, CREATE_TIME, UPDATE_TIME, CREATE_USER, UPDATE_USER) values (20, 'taskMclusterStartGlb3306Service', 'taskMclusterStartGlb3306Service', 'taskMclusterStartGlb3306Service', 'RDS', null, 1, null, null, null, null, null, null);
insert into WEBPORTAL_TEMPLATE_TASK_DETAIL (ID, NAME, DESCN, BEANNAME, TASK_TYPE, PARAMS, RETRY, VERSION, DELETED, CREATE_TIME, UPDATE_TIME, CREATE_USER, UPDATE_USER) values (21, 'taskMclusterStartGlb8888Service', 'taskMclusterStartGlb8888Service', 'taskMclusterStartGlb8888Service', 'RDS', null, 1, null, null, null, null, null, null);
insert into WEBPORTAL_TEMPLATE_TASK_DETAIL (ID, NAME, DESCN, BEANNAME, TASK_TYPE, PARAMS, RETRY, VERSION, DELETED, CREATE_TIME, UPDATE_TIME, CREATE_USER, UPDATE_USER) values (22, 'taskFixedPushService', 'taskFixedPushService', 'taskFixedPushService', 'RDS', null, 1, null, null, null, null, null, null);
insert into WEBPORTAL_TEMPLATE_TASK_DETAIL (ID, NAME, DESCN, BEANNAME, TASK_TYPE, PARAMS, RETRY, VERSION, DELETED, CREATE_TIME, UPDATE_TIME, CREATE_USER, UPDATE_USER) values (23, 'taskZabbixPushService', 'taskZabbixPushService', 'taskZabbixPushService', 'RDS', null, 1, null, null, null, null, null, null);
insert into WEBPORTAL_TEMPLATE_TASK_DETAIL (ID, NAME, DESCN, BEANNAME, TASK_TYPE, PARAMS, RETRY, VERSION, DELETED, CREATE_TIME, UPDATE_TIME, CREATE_USER, UPDATE_USER) values (25, 'taskMclusterCreateDataService', 'taskMclusterCreateDataService', 'taskMclusterCreateDataService', 'RDS', null, 1, 0, 0, '2015-03-31 17:14:58', null, null, null);
insert into WEBPORTAL_TEMPLATE_TASK_DETAIL (ID, NAME, DESCN, BEANNAME, TASK_TYPE, PARAMS, RETRY, VERSION, DELETED, CREATE_TIME, UPDATE_TIME, CREATE_USER, UPDATE_USER) values (26, 'taskMclusterCheckDataStatusService', 'taskMclusterCheckDataStatusService', 'taskMclusterCheckDataStatusService', 'RDS', null, 1, 0, 0, '2015-03-31 17:15:46', null, null, null);
insert into WEBPORTAL_TEMPLATE_TASK_DETAIL (ID, NAME, DESCN, BEANNAME, TASK_TYPE, PARAMS, RETRY, VERSION, DELETED, CREATE_TIME, UPDATE_TIME, CREATE_USER, UPDATE_USER) values (27, 'taskMclusterCreateVIPService', 'taskMclusterCreateVIPService', 'taskMclusterCreateVIPService', 'RDS', null, 1, 0, 0, '2015-03-31 17:15:57', null, null, null);
insert into WEBPORTAL_TEMPLATE_TASK_DETAIL (ID, NAME, DESCN, BEANNAME, TASK_TYPE, PARAMS, RETRY, VERSION, DELETED, CREATE_TIME, UPDATE_TIME, CREATE_USER, UPDATE_USER) values (28, 'taskMclusterCheckVIPStatusService', 'taskMclusterCheckVIPStatusService', 'taskMclusterCheckVIPStatusService', 'RDS', null, 1, 0, 0, '2015-03-31 17:16:06', null, null, null);
insert into WEBPORTAL_TEMPLATE_TASK_DETAIL (ID, NAME, DESCN, BEANNAME, TASK_TYPE, PARAMS, RETRY, VERSION, DELETED, CREATE_TIME, UPDATE_TIME, CREATE_USER, UPDATE_USER) values (29, 'taskGceClusterCreateService', 'taskGceClusterCreateService', 'taskGceClusterCreateService', 'GCE', null, 1, 0, 0, '2015-04-01 10:09:04', null, null, null);
insert into WEBPORTAL_TEMPLATE_TASK_DETAIL (ID, NAME, DESCN, BEANNAME, TASK_TYPE, PARAMS, RETRY, VERSION, DELETED, CREATE_TIME, UPDATE_TIME, CREATE_USER, UPDATE_USER) values (30, 'taskGceClusterCheckStatusService', 'taskGceClusterCheckStatusService', 'taskGceClusterCheckStatusService', 'GCE', null, 1, 0, 0, '2015-04-01 10:09:19', null, null, null);
insert into WEBPORTAL_TEMPLATE_TASK_DETAIL (ID, NAME, DESCN, BEANNAME, TASK_TYPE, PARAMS, RETRY, VERSION, DELETED, CREATE_TIME, UPDATE_TIME, CREATE_USER, UPDATE_USER) values (31, 'taskGceInitZookeeperService', 'taskGceInitZookeeperService', 'taskGceInitZookeeperService', 'GCE', null, 1, 0, 0, '2015-04-01 10:10:15', null, null, null);
insert into WEBPORTAL_TEMPLATE_TASK_DETAIL (ID, NAME, DESCN, BEANNAME, TASK_TYPE, PARAMS, RETRY, VERSION, DELETED, CREATE_TIME, UPDATE_TIME, CREATE_USER, UPDATE_USER) values (32, 'taskGceInitAdminUserAndPwdService', 'taskGceInitAdminUserAndPwdService', 'taskGceInitAdminUserAndPwdService', 'GCE', null, 1, 0, 0, '2015-04-01 10:10:40', null, null, null);
insert into WEBPORTAL_TEMPLATE_TASK_DETAIL (ID, NAME, DESCN, BEANNAME, TASK_TYPE, PARAMS, RETRY, VERSION, DELETED, CREATE_TIME, UPDATE_TIME, CREATE_USER, UPDATE_USER) values (33, 'taskGceContainer1CreateService', 'taskGceContainer1CreateService', 'taskGceContainer1CreateService', 'GCE', null, 1, 0, 0, '2015-04-01 10:11:01', null, null, null);
insert into WEBPORTAL_TEMPLATE_TASK_DETAIL (ID, NAME, DESCN, BEANNAME, TASK_TYPE, PARAMS, RETRY, VERSION, DELETED, CREATE_TIME, UPDATE_TIME, CREATE_USER, UPDATE_USER) values (34, 'taskGceInitZookeeper2Service', 'taskGceInitZookeeper2Service', 'taskGceInitZookeeper2Service', 'GCE', null, 1, 0, 0, '2015-04-01 10:11:28', null, null, null);
insert into WEBPORTAL_TEMPLATE_TASK_DETAIL (ID, NAME, DESCN, BEANNAME, TASK_TYPE, PARAMS, RETRY, VERSION, DELETED, CREATE_TIME, UPDATE_TIME, CREATE_USER, UPDATE_USER) values (35, 'taskGceContainerSync2Service', 'taskGceContainerSync2Service', 'taskGceContainerSync2Service', 'GCE', null, 1, 0, 0, '2015-04-01 10:11:52', null, null, null);
insert into WEBPORTAL_TEMPLATE_TASK_DETAIL (ID, NAME, DESCN, BEANNAME, TASK_TYPE, PARAMS, RETRY, VERSION, DELETED, CREATE_TIME, UPDATE_TIME, CREATE_USER, UPDATE_USER) values (36, 'taskGceContainer2CreateService', 'taskGceContainer2CreateService', 'taskGceContainer2CreateService', 'GCE', null, 1, 0, 0, '2015-04-01 10:12:09', null, null, null);
insert into WEBPORTAL_TEMPLATE_TASK_DETAIL (ID, NAME, DESCN, BEANNAME, TASK_TYPE, PARAMS, RETRY, VERSION, DELETED, CREATE_TIME, UPDATE_TIME, CREATE_USER, UPDATE_USER) values (37, 'taskGceStartService', 'taskGceStartService', 'taskGceStartService', 'GCE', null, 1, 0, 0, '2015-04-01 10:16:48', null, null, null);
insert into WEBPORTAL_TEMPLATE_TASK_DETAIL (ID, NAME, DESCN, BEANNAME, TASK_TYPE, PARAMS, RETRY, VERSION, DELETED, CREATE_TIME, UPDATE_TIME, CREATE_USER, UPDATE_USER) values (38, 'taskGceCheckStartService', 'taskGceCheckStartService', 'taskGceCheckStartService', 'GCE', null, 1, 0, 0, '2015-04-01 20:59:01', null, null, null);
insert into WEBPORTAL_TEMPLATE_TASK_DETAIL (ID, NAME, DESCN, BEANNAME, TASK_TYPE, PARAMS, RETRY, VERSION, DELETED, CREATE_TIME, UPDATE_TIME, CREATE_USER, UPDATE_USER) values (39, 'taskSlbCreateService', 'taskSlbCreateService', 'taskSlbCreateService', 'SLB', null, 1, 0, 0, '2015-04-03 09:58:36', null, null, null);
insert into WEBPORTAL_TEMPLATE_TASK_DETAIL (ID, NAME, DESCN, BEANNAME, TASK_TYPE, PARAMS, RETRY, VERSION, DELETED, CREATE_TIME, UPDATE_TIME, CREATE_USER, UPDATE_USER) values (40, 'taskSlbChecktatusService', 'taskSlbChecktatusService', 'taskSlbChecktatusService', 'SLB', null, 1, 0, 0, '2015-04-03 09:58:53', null, null, null);
insert into WEBPORTAL_TEMPLATE_TASK_DETAIL (ID, NAME, DESCN, BEANNAME, TASK_TYPE, PARAMS, RETRY, VERSION, DELETED, CREATE_TIME, UPDATE_TIME, CREATE_USER, UPDATE_USER) values (42, 'taskSlbInitZookeeperService', 'taskSlbInitZookeeperService', 'taskSlbInitZookeeperService', 'SLB', null, 1, 0, 0, '2015-04-03 09:59:53', null, null, null);
insert into WEBPORTAL_TEMPLATE_TASK_DETAIL (ID, NAME, DESCN, BEANNAME, TASK_TYPE, PARAMS, RETRY, VERSION, DELETED, CREATE_TIME, UPDATE_TIME, CREATE_USER, UPDATE_USER) values (44, 'taskSlbInitAdminUserAndPwdService', 'taskSlbInitAdminUserAndPwdService', 'taskSlbInitAdminUserAndPwdService', 'SLB', null, 1, 0, 0, '2015-04-03 10:00:55', null, null, null);
insert into WEBPORTAL_TEMPLATE_TASK_DETAIL (ID, NAME, DESCN, BEANNAME, TASK_TYPE, PARAMS, RETRY, VERSION, DELETED, CREATE_TIME, UPDATE_TIME, CREATE_USER, UPDATE_USER) values (45, 'taskSlbContainer1CreateService', 'taskSlbContainer1CreateService', 'taskSlbContainer1CreateService', 'SLB', null, 1, 0, 0, '2015-04-03 10:01:10', null, null, null);
insert into WEBPORTAL_TEMPLATE_TASK_DETAIL (ID, NAME, DESCN, BEANNAME, TASK_TYPE, PARAMS, RETRY, VERSION, DELETED, CREATE_TIME, UPDATE_TIME, CREATE_USER, UPDATE_USER) values (46, 'taskSlbInitZookeeper2Service', 'taskSlbInitZookeeper2Service', 'taskSlbInitZookeeper2Service', 'SLB', null, 1, 0, 0, '2015-04-03 10:01:28', null, null, null);
insert into WEBPORTAL_TEMPLATE_TASK_DETAIL (ID, NAME, DESCN, BEANNAME, TASK_TYPE, PARAMS, RETRY, VERSION, DELETED, CREATE_TIME, UPDATE_TIME, CREATE_USER, UPDATE_USER) values (47, 'taskSlbContainerSync2Service', 'taskSlbContainerSync2Service', 'taskSlbContainerSync2Service', 'SLB', null, 1, 0, 0, '2015-04-03 10:01:52', null, null, null);
insert into WEBPORTAL_TEMPLATE_TASK_DETAIL (ID, NAME, DESCN, BEANNAME, TASK_TYPE, PARAMS, RETRY, VERSION, DELETED, CREATE_TIME, UPDATE_TIME, CREATE_USER, UPDATE_USER) values (48, 'taskSlbContainer2CreateService', 'taskSlbContainer2CreateService', 'taskSlbContainer2CreateService', 'SLB', null, 1, 0, 0, '2015-04-03 10:02:03', null, null, null);
insert into WEBPORTAL_TEMPLATE_TASK_DETAIL (ID, NAME, DESCN, BEANNAME, TASK_TYPE, PARAMS, RETRY, VERSION, DELETED, CREATE_TIME, UPDATE_TIME, CREATE_USER, UPDATE_USER) values (49, 'taskSlbVipCreateService', 'taskSlbVipCreateService', 'taskSlbVipCreateService', 'SLB', null, 1, 0, 0, '2015-04-03 10:02:19', null, null, null);
insert into WEBPORTAL_TEMPLATE_TASK_DETAIL (ID, NAME, DESCN, BEANNAME, TASK_TYPE, PARAMS, RETRY, VERSION, DELETED, CREATE_TIME, UPDATE_TIME, CREATE_USER, UPDATE_USER) values (50, 'taskGceNginxConfigService', 'taskGceNginxConfigService', 'taskGceNginxConfigService', 'GCE', null, 1, 0, 0, '2015-04-01 10:10:15', null, null, null);
insert into WEBPORTAL_TEMPLATE_TASK_DETAIL (ID, NAME, DESCN, BEANNAME, TASK_TYPE, PARAMS, RETRY, VERSION, DELETED, CREATE_TIME, UPDATE_TIME, CREATE_USER, UPDATE_USER) values (51, 'taskCbaseClusterCreateService', 'taskCbaseClusterCreateService', 'taskCbaseClusterCreateService', 'CBASE', null, 1, 0, 0, '2015-04-21 15:57:55', null, null, null);
insert into WEBPORTAL_TEMPLATE_TASK_DETAIL (ID, NAME, DESCN, BEANNAME, TASK_TYPE, PARAMS, RETRY, VERSION, DELETED, CREATE_TIME, UPDATE_TIME, CREATE_USER, UPDATE_USER) values (52, 'taskCbaseClusterCheckStatusService', 'taskCbaseClusterCheckStatusService', 'taskCbaseClusterCheckStatusService', 'CBASE', null, 1, 0, 0, '2015-04-21 15:58:57', null, null, null);
insert into WEBPORTAL_TEMPLATE_TASK_DETAIL (ID, NAME, DESCN, BEANNAME, TASK_TYPE, PARAMS, RETRY, VERSION, DELETED, CREATE_TIME, UPDATE_TIME, CREATE_USER, UPDATE_USER) values (53, 'taskCbaseInitAdminUserAndPwdService', 'taskCbaseInitAdminUserAndPwdService', 'taskCbaseInitAdminUserAndPwdService', 'CBASE', null, 1, 0, 0, '2015-04-22 15:08:18', null, null, null);
insert into WEBPORTAL_TEMPLATE_TASK_DETAIL (ID, NAME, DESCN, BEANNAME, TASK_TYPE, PARAMS, RETRY, VERSION, DELETED, CREATE_TIME, UPDATE_TIME, CREATE_USER, UPDATE_USER) values (54, 'taskCbaseMemQuotaService', 'taskCbaseMemQuotaService', 'taskCbaseMemQuotaService', 'CBASE', null, 1, 0, 0, '2015-04-22 15:08:48', null, null, null);
insert into WEBPORTAL_TEMPLATE_TASK_DETAIL (ID, NAME, DESCN, BEANNAME, TASK_TYPE, PARAMS, RETRY, VERSION, DELETED, CREATE_TIME, UPDATE_TIME, CREATE_USER, UPDATE_USER) values (55, 'taskCbaseAddNodeService', 'taskCbaseAddNodeService', 'taskCbaseAddNodeService', 'CBASE', null, 1, 0, 0, '2015-04-22 15:09:20', null, null, null);
insert into WEBPORTAL_TEMPLATE_TASK_DETAIL (ID, NAME, DESCN, BEANNAME, TASK_TYPE, PARAMS, RETRY, VERSION, DELETED, CREATE_TIME, UPDATE_TIME, CREATE_USER, UPDATE_USER) values (56, 'taskCbaseRebalanceService', 'taskCbaseRebalanceService', 'taskCbaseRebalanceService', 'CBASE', null, 1, 0, 0, '2015-04-22 20:41:31', null, null, null);
insert into WEBPORTAL_TEMPLATE_TASK_DETAIL (ID, NAME, DESCN, BEANNAME, TASK_TYPE, PARAMS, RETRY, VERSION, DELETED, CREATE_TIME, UPDATE_TIME, CREATE_USER, UPDATE_USER) values (57, 'taskCbaseRebalanceCheckStatusService', 'taskCbaseRebalanceCheckStatusService', 'taskCbaseRebalanceCheckStatusService', 'CBASE', null, 1, 0, 0, '2015-04-22 20:41:49', null, null, null);
insert into WEBPORTAL_TEMPLATE_TASK_DETAIL (ID, NAME, DESCN, BEANNAME, TASK_TYPE, PARAMS, RETRY, VERSION, DELETED, CREATE_TIME, UPDATE_TIME, CREATE_USER, UPDATE_USER) values (58, 'taskCbaseCreateBucketService', 'taskCbaseCreateBucketService', 'taskCbaseCreateBucketService', 'CBASE', null, 1, 0, 0, '2015-04-22 20:42:17', null, null, null);

/*
 * add hcluster and host.
 */
insert into WEBPORTAL_HCLUSTER (ID, HCLUSTER_NAME, STATUS, DELETED, UPDATE_USER, UPDATE_TIME, CREATE_USER, CREATE_TIME, DESCN, HCLUSTER_NAME_ALIAS, type) values (1, 'TEST_15X', 1, 0, null, null, null, '2014-11-28 14:18:34', null, 'TEST_15X', 'rds');
insert into WEBPORTAL_HCLUSTER (ID, HCLUSTER_NAME, STATUS, DELETED, UPDATE_USER, UPDATE_TIME, CREATE_USER, CREATE_TIME, DESCN, HCLUSTER_NAME_ALIAS, type) values (4, 'yizhuang', 1, 0, null, null, null, '2015-04-16 15:04:16', null, '亦庄集群', 'gce,slb');
insert into WEBPORTAL_HOST (ID, HOST_NAME, HOST_IP, NODES_NUMBER, CPU_MODEL, CORES_NUMBER, MEMORY_SIZE, DISK_SIZE, DISK_USED, HOST_MODEL, TYPE, HCLUSTER_ID, STATUS, DELETED, UPDATE_USER, UPDATE_TIME, CREATE_USER, CREATE_TIME, DESCN, NAME, PASSWORD, HOST_NAME_ALIAS) values (1, 'test_host_15X', '10.154.156.150', null, null, null, null, null, null, null, '0', 1, null, 1, null, '2014-11-28 14:21:07', null, '2014-11-28 14:21:07', '??????', 'root', 'root', 'test_host_15X');
insert into WEBPORTAL_HOST (ID, HOST_NAME, HOST_IP, NODES_NUMBER, CPU_MODEL, CORES_NUMBER, MEMORY_SIZE, DISK_SIZE, DISK_USED, HOST_MODEL, TYPE, HCLUSTER_ID, STATUS, DELETED, UPDATE_USER, UPDATE_TIME, CREATE_USER, CREATE_TIME, DESCN, NAME, PASSWORD, HOST_NAME_ALIAS) values (2, 'test_host_151', '10.154.156.151', null, null, null, null, null, null, null, '1', 1, null, 1, null, '2014-11-28 14:22:16', null, '2014-11-28 14:22:16', '', 'root', 'root', 'test_host_15X');
insert into WEBPORTAL_HOST (ID, HOST_NAME, HOST_IP, NODES_NUMBER, CPU_MODEL, CORES_NUMBER, MEMORY_SIZE, DISK_SIZE, DISK_USED, HOST_MODEL, TYPE, HCLUSTER_ID, STATUS, DELETED, UPDATE_USER, UPDATE_TIME, CREATE_USER, CREATE_TIME, DESCN, NAME, PASSWORD, HOST_NAME_ALIAS) values (3, 'test_host_152', '10.154.156.152', null, null, null, null, null, null, null, '1', 1, null, 1, null, '2014-11-28 14:22:54', null, '2014-11-28 14:22:54', '', 'root', 'root', 'test_host_15X');
insert into WEBPORTAL_HOST (ID, HOST_NAME, HOST_IP, NODES_NUMBER, CPU_MODEL, CORES_NUMBER, MEMORY_SIZE, DISK_SIZE, DISK_USED, HOST_MODEL, TYPE, HCLUSTER_ID, STATUS, DELETED, UPDATE_USER, UPDATE_TIME, CREATE_USER, CREATE_TIME, DESCN, NAME, PASSWORD, HOST_NAME_ALIAS) values (27, 'yizhuang4', '10.140.60.141', null, null, null, null, null, null, null, '1', 4, null, 1, null, '2015-04-22 11:18:09', null, '2015-04-22 11:18:09', '亦庄4', 'root', 'root', '亦庄4');
insert into WEBPORTAL_HOST (ID, HOST_NAME, HOST_IP, NODES_NUMBER, CPU_MODEL, CORES_NUMBER, MEMORY_SIZE, DISK_SIZE, DISK_USED, HOST_MODEL, TYPE, HCLUSTER_ID, STATUS, DELETED, UPDATE_USER, UPDATE_TIME, CREATE_USER, CREATE_TIME, DESCN, NAME, PASSWORD, HOST_NAME_ALIAS) values (28, 'yizhuang1', '10.140.60.153', null, null, null, null, null, null, null, '0', 4, null, 1, null, '2015-04-22 11:18:51', null, '2015-04-22 11:18:51', '亦庄1', 'root', 'root', '亦庄1');
insert into WEBPORTAL_HOST (ID, HOST_NAME, HOST_IP, NODES_NUMBER, CPU_MODEL, CORES_NUMBER, MEMORY_SIZE, DISK_SIZE, DISK_USED, HOST_MODEL, TYPE, HCLUSTER_ID, STATUS, DELETED, UPDATE_USER, UPDATE_TIME, CREATE_USER, CREATE_TIME, DESCN, NAME, PASSWORD, HOST_NAME_ALIAS) values (29, 'yizhuang2', '10.140.60.165', null, null, null, null, null, null, null, '1', 4, null, 1, null, '2015-04-22 11:19:26', null, '2015-04-22 11:19:26', '亦庄2', 'root', 'root', '亦庄2');
insert into WEBPORTAL_HOST (ID, HOST_NAME, HOST_IP, NODES_NUMBER, CPU_MODEL, CORES_NUMBER, MEMORY_SIZE, DISK_SIZE, DISK_USED, HOST_MODEL, TYPE, HCLUSTER_ID, STATUS, DELETED, UPDATE_USER, UPDATE_TIME, CREATE_USER, CREATE_TIME, DESCN, NAME, PASSWORD, HOST_NAME_ALIAS) values (30, 'yizhuang3', '10.140.60.177', null, null, null, null, null, null, null, '1', 4, null, 1, null, '2015-04-22 11:19:51', null, '2015-04-22 11:19:51', '亦庄3', 'root', 'root', '亦庄3');

/*
 * add zks
 */
insert into WEBPORTAL_ZOOKEEPER_INFO (ID, NAME, IP, PORT, USED, STATUS, DESCN, DELETED, CREATE_TIME, UPDATE_TIME, CREATE_USER, UPDATE_USER) values (18, '172.16.2.3', '172.16.2.3', '2181', 550, 'AVAILABLE', '172.16.2.3', 0, '2015-04-17 14:09:50', null, null, null);


CREATE TABLE `WEBPORTAL_SWIFT` (
  `ID` bigint(20) unsigned NOT NULL AUTO_INCREMENT,
  `NAME` varchar(100) DEFAULT NULL,
  `HCLUSTER_ID` bigint(20) unsigned DEFAULT NULL,
  `STATUS` tinyint(4) DEFAULT NULL,
  `DESCN` varchar(200) CHARACTER SET utf8 COLLATE utf8_unicode_ci DEFAULT NULL,
  `STORE_SIZE` bigint(20) DEFAULT NULL,
  `DELETED` tinyint(4) DEFAULT NULL,
  `CREATE_TIME` datetime DEFAULT NULL,
  `UPDATE_TIME` datetime DEFAULT NULL,
  `CREATE_USER` bigint(20) unsigned DEFAULT NULL,
  `UPDATE_USER` bigint(20) unsigned DEFAULT NULL,
  `VISIBILITY_LEVEL` varchar(10) DEFAULT NULL,
  PRIMARY KEY (`ID`)
) ENGINE=InnoDB AUTO_INCREMENT=40 DEFAULT CHARSET=utf8;

/*
 * update WEBPORTAL_SLB_BACKEND_SERVER .
 */
ALTER TABLE `paascloud_test`.`WEBPORTAL_SLB_BACKEND_SERVER` 
CHANGE COLUMN `CONTAINER_ID` `GCE_ID` BIGINT(20) UNSIGNED NULL DEFAULT NULL ;

CREATE TABLE `WEBPORTAL_TIMING_TASK` (
  `ID` bigint(20) unsigned NOT NULL AUTO_INCREMENT,
  `NAME` varchar(100) DEFAULT NULL,
  `UUID` varchar(100) DEFAULT NULL,
  `HTTP_METHOD` varchar(45) DEFAULT NULL COMMENT 'post,get',
  `URL` varchar(200) DEFAULT NULL,
  `TIMING_RULE` varchar(45) DEFAULT NULL,
  `EXEC_TYPE` varchar(45) DEFAULT NULL,
  `DESCN` varchar(200) CHARACTER SET utf8 COLLATE utf8_unicode_ci DEFAULT NULL,
  `DELETED` tinyint(4) DEFAULT NULL,
  `CREATE_TIME` datetime DEFAULT NULL,
  `UPDATE_TIME` datetime DEFAULT NULL,
  `CREATE_USER` bigint(20) unsigned DEFAULT NULL,
  `UPDATE_USER` bigint(20) unsigned DEFAULT NULL,
  `TYPE` varchar(45) DEFAULT NULL COMMENT 'cron,interval',
  `TIME_POINT` varchar(100) DEFAULT NULL,
  `TIME_INTERVAL` varchar(100) DEFAULT NULL,
  PRIMARY KEY (`ID`)
) ENGINE=InnoDB AUTO_INCREMENT=266 DEFAULT CHARSET=utf8;