/*
 * add tables----------------------------------------------------------
 */
/*
 * add GCE
 */
DROP TABLE WEBPORTAL_GCE;
CREATE TABLE WEBPORTAL_GCE ( ID bigint unsigned NOT NULL AUTO_INCREMENT, GCE_NAME varchar(100), HCLUSTER_ID bigint unsigned, GCECLUSTER_ID bigint unsigned, GCE_IMAGE_NAME varchar(100), TYPE varchar(20), IP varchar(20), PORT_FORWARD varchar(100), DELETED tinyint, CREATE_TIME datetime, UPDATE_TIME datetime, CREATE_USER bigint unsigned, UPDATE_USER bigint unsigned, STATUS tinyint, DESCN varchar(200) COLLATE utf8_unicode_ci, PRIMARY KEY (ID) ) ENGINE=InnoDB DEFAULT CHARSET=utf8;
DROP TABLE WEBPORTAL_GCECLUSTER;
CREATE TABLE WEBPORTAL_GCECLUSTER ( ID bigint unsigned NOT NULL AUTO_INCREMENT, CLUSTER_NAME varchar(100), STATUS tinyint, SST_PASSWORD varchar(20), HCLUSTER_ID bigint unsigned, DELETED tinyint, CREATE_TIME datetime COMMENT '???????????', CREATE_USER bigint unsigned, UPDATE_TIME datetime, UPDATE_USER bigint unsigned, ADMIN_USER varchar(200), ADMIN_PASSWORD varchar(200), TYPE int(10), PRIMARY KEY (ID) ) ENGINE=InnoDB DEFAULT CHARSET=utf8;
DROP TABLE WEBPORTAL_GCECONTAINER;
CREATE TABLE WEBPORTAL_GCECONTAINER ( ID bigint unsigned NOT NULL AUTO_INCREMENT, CONTAINER_NAME varchar(100), MOUNT_DIR varchar(500), ZOOKEEPER_ID varchar(3) COLLATE utf8_unicode_ci, IP_ADDR varchar(15), GATE_ADDR varchar(15), IP_MASK varchar(15), TYPE varchar(15), DISK_SIZE int, CORES_NUMBER int, CPU_SPEED int, MEMORY_SIZE int, HOST_ID bigint unsigned, HOST_IP varchar(15), BIND_CONTAINER_PORT varchar(100), BIND_HOST_PORT varchar(100), BIND_HOST_IP varchar(100), BIND_PROTOCOL varchar(100), MGR_BIND_HOST_PORT varchar(100), CONTAINER_UUID varchar(100), GCECLUSTER_ID bigint unsigned, STATUS tinyint, DELETED tinyint, CREATE_TIME datetime, UPDATE_TIME datetime, CREATE_USER bigint unsigned, UPDATE_USER bigint unsigned, ZABBIXHOSTS varchar(20), SERVICE_TYPE tinyint, PRIMARY KEY (ID) ) ENGINE=InnoDB DEFAULT CHARSET=utf8;
DROP TABLE WEBPORTAL_GCE_IMAGE;
CREATE TABLE WEBPORTAL_GCE_IMAGE ( ID bigint unsigned NOT NULL AUTO_INCREMENT, NAME varchar(100), URL varchar(500), TAG varchar(100), TYPE varchar(20), OWNER bigint unsigned, STATUS varchar(20), DESCN varchar(200) COLLATE utf8_unicode_ci, DELETED tinyint, CREATE_TIME datetime, UPDATE_TIME datetime, CREATE_USER bigint unsigned, UPDATE_USER bigint unsigned, LOG_URL varchar(50), PRIMARY KEY (ID) ) ENGINE=InnoDB DEFAULT CHARSET=latin1;

/*
 * add SLB
 */
DROP TABLE WEBPORTAL_SLB;
CREATE TABLE WEBPORTAL_SLB ( ID bigint unsigned NOT NULL AUTO_INCREMENT, SLB_NAME varchar(100), SLBCLUSTER_ID bigint unsigned, HCLUSTER_ID bigint unsigned, DELETED tinyint, CREATE_TIME datetime, UPDATE_TIME datetime, CREATE_USER bigint unsigned, UPDATE_USER bigint unsigned, STATUS tinyint, DESCN varchar(200) COLLATE utf8_unicode_ci, IP varchar(20), PRIMARY KEY (ID) ) ENGINE=InnoDB DEFAULT CHARSET=utf8;
DROP TABLE WEBPORTAL_SLBCLUSTER;
CREATE TABLE WEBPORTAL_SLBCLUSTER ( ID bigint unsigned NOT NULL AUTO_INCREMENT, CLUSTER_NAME varchar(200), STATUS tinyint, SST_PASSWORD varchar(20), HCLUSTER_ID bigint unsigned, DELETED tinyint, CREATE_TIME datetime COMMENT '???????????', CREATE_USER bigint unsigned, UPDATE_TIME datetime, UPDATE_USER bigint unsigned, ADMIN_USER varchar(200), ADMIN_PASSWORD varchar(200), TYPE int(10), PRIMARY KEY (ID) ) ENGINE=InnoDB DEFAULT CHARSET=utf8;
DROP TABLE WEBPORTAL_SLBCONTAINER;
CREATE TABLE WEBPORTAL_SLBCONTAINER ( ID bigint unsigned NOT NULL AUTO_INCREMENT, CONTAINER_NAME varchar(100), MOUNT_DIR varchar(500), ZOOKEEPER_ID varchar(3) COLLATE utf8_unicode_ci, IP_ADDR varchar(15), GATE_ADDR varchar(15), IP_MASK varchar(15), TYPE varchar(50), DISK_SIZE int, CORES_NUMBER int, CPU_SPEED int, MEMORY_SIZE int, HOST_ID bigint unsigned, HOST_IP varchar(15), SLBCLUSTER_ID bigint unsigned, CONTAINER_UUID varchar(100), STATUS tinyint, DELETED tinyint, CREATE_TIME datetime, UPDATE_TIME datetime, CREATE_USER bigint unsigned, UPDATE_USER bigint unsigned, ZABBIXHOSTS varchar(20), SERVICE_TYPE tinyint, PRIMARY KEY (ID) ) ENGINE=InnoDB DEFAULT CHARSET=utf8;
DROP TABLE WEBPORTAL_SLB_BACKEND_SERVER;
CREATE TABLE WEBPORTAL_SLB_BACKEND_SERVER ( ID bigint unsigned NOT NULL AUTO_INCREMENT, CONTAINER_ID bigint unsigned, SLB_CONFIG_ID bigint unsigned, TYPE varchar(10), SERVER_NAME varchar(20), SERVER_IP varchar(15), DELETED tinyint, CREATE_TIME datetime, UPDATE_TIME datetime, CREATE_USER bigint unsigned, UPDATE_USER bigint unsigned, SLB_ID bigint NOT NULL, PORT varchar(10), STATUS tinyint, PRIMARY KEY (ID) ) ENGINE=InnoDB DEFAULT CHARSET=utf8;
DROP TABLE WEBPORTAL_SLB_CONFIG;
CREATE TABLE WEBPORTAL_SLB_CONFIG ( ID bigint unsigned NOT NULL AUTO_INCREMENT, AGENT_TYPE varchar(10), FRONT_PORT varchar(15), SLB_ID bigint unsigned, DELETED tinyint, CREATE_TIME datetime, UPDATE_TIME datetime, CREATE_USER bigint unsigned, UPDATE_USER bigint unsigned, PRIMARY KEY (ID) ) ENGINE=InnoDB DEFAULT CHARSET=utf8 COMMENT='????container?????';

/*
 * add Zookeeper
 */
DROP TABLE WEBPORTAL_ZOOKEEPER_INFO;
CREATE TABLE WEBPORTAL_ZOOKEEPER_INFO ( ID bigint unsigned NOT NULL AUTO_INCREMENT, NAME varchar(100), IP varchar(50), PORT varchar(20), USED bigint(5), STATUS varchar(20), DESCN varchar(200) COLLATE utf8_unicode_ci, DELETED tinyint, CREATE_TIME datetime, UPDATE_TIME datetime, CREATE_USER bigint unsigned, UPDATE_USER bigint unsigned, PRIMARY KEY (ID) ) ENGINE=InnoDB DEFAULT CHARSET=utf8;

/*
 * update WEBPORTAL_HCLUSTER
 */
alter table WEBPORTAL_HCLUSTER ADD COLUMN TYPE varchar(50);
UPDATE WEBPORTAL_HCLUSTER SET TYPE='rds';
/*
 * add monitor tables
 */
DROP TABLE WEBPORTAL_MONITOR_CONTAINER_CPUACCT;
CREATE TABLE WEBPORTAL_MONITOR_CONTAINER_CPUACCT ( ID bigint unsigned NOT NULL AUTO_INCREMENT, DETAIL_NAME varchar(50), DETAIL_VALUE float(30,3), MONITOR_DATE datetime, IP varchar(50), PRIMARY KEY (ID), INDEX NAME_IP_DATE (DETAIL_NAME(10), IP(13), MONITOR_DATE) ) ENGINE=InnoDB DEFAULT CHARSET=utf8;
DROP TABLE WEBPORTAL_MONITOR_CONTAINER_DISK;
CREATE TABLE WEBPORTAL_MONITOR_CONTAINER_DISK ( ID bigint unsigned NOT NULL AUTO_INCREMENT, DETAIL_NAME varchar(50), DETAIL_VALUE float(30,3), MONITOR_DATE datetime, IP varchar(50), PRIMARY KEY (ID), INDEX NAME_IP_DATE (DETAIL_NAME(10), IP(13), MONITOR_DATE) ) ENGINE=InnoDB DEFAULT CHARSET=utf8;
DROP TABLE WEBPORTAL_MONITOR_CONTAINER_MEMERY;
CREATE TABLE WEBPORTAL_MONITOR_CONTAINER_MEMERY ( ID bigint unsigned NOT NULL AUTO_INCREMENT, DETAIL_NAME varchar(50), DETAIL_VALUE float(30,3), MONITOR_DATE datetime, IP varchar(50), PRIMARY KEY (ID), INDEX NAME_IP_DATE (DETAIL_NAME(10), IP(13), MONITOR_DATE) ) ENGINE=InnoDB DEFAULT CHARSET=utf8;
DROP TABLE WEBPORTAL_MONITOR_CONTAINER_NETWORKIO;
CREATE TABLE WEBPORTAL_MONITOR_CONTAINER_NETWORKIO ( ID bigint unsigned NOT NULL AUTO_INCREMENT, DETAIL_NAME varchar(50), DETAIL_VALUE float(30,3), MONITOR_DATE datetime, IP varchar(50), PRIMARY KEY (ID), INDEX NAME_IP_DATE (DETAIL_NAME(10), IP(13), MONITOR_DATE) ) ENGINE=InnoDB DEFAULT CHARSET=utf8;

/*
 * add Task
 */
DROP TABLE WEBPORTAL_TASK_CHAIN;
CREATE TABLE WEBPORTAL_TASK_CHAIN ( ID bigint NOT NULL AUTO_INCREMENT, TASK_ID bigint unsigned, TASK_DETAIL_ID bigint unsigned, CHAIN_INDEX_ID bigint unsigned, EXECUTE_ORDER tinyint, RETRY tinyint, START_TIME datetime, END_TIME datetime, STATUS varchar(10), PARAMS varchar(1000), RESULT varchar(1000), DELETED tinyint, CREATE_TIME datetime, UPDATE_TIME datetime, CREATE_USER bigint, UPDATE_USER bigint, PRIMARY KEY (ID) ) ENGINE=InnoDB DEFAULT CHARSET=utf8;
DROP TABLE WEBPORTAL_TASK_CHAIN_INDEX;
CREATE TABLE WEBPORTAL_TASK_CHAIN_INDEX ( ID bigint NOT NULL AUTO_INCREMENT, TASK_ID bigint unsigned, SERVICE_NAME varchar(50), CLUSTER_NAME varchar(50), START_TIME datetime, END_TIME datetime, STATUS varchar(10), DELETED tinyint, CREATE_TIME datetime, UPDATE_TIME datetime, CREATE_USER bigint, UPDATE_USER bigint, PRIMARY KEY (ID) ) ENGINE=InnoDB DEFAULT CHARSET=utf8;
DROP TABLE WEBPORTAL_TEMPLATE_TASK;
CREATE TABLE WEBPORTAL_TEMPLATE_TASK ( ID bigint NOT NULL AUTO_INCREMENT, NAME varchar(20), TASK_TYPE varchar(20), DESCN varchar(100), DELETED tinyint, CREATE_TIME datetime, UPDATE_TIME datetime, CREATE_USER bigint, UPDATE_USER bigint, PRIMARY KEY (ID) ) ENGINE=InnoDB DEFAULT CHARSET=utf8;
DROP TABLE WEBPORTAL_TEMPLATE_TASK_CHAIN;
CREATE TABLE WEBPORTAL_TEMPLATE_TASK_CHAIN ( ID bigint NOT NULL AUTO_INCREMENT, TASK_ID bigint unsigned, TASK_DETAIL_ID bigint unsigned, EXECUTE_ORDER tinyint, RETRY tinyint, DELETED tinyint, CREATE_TIME datetime, UPDATE_TIME datetime, CREATE_USER bigint, UPDATE_USER bigint, PRIMARY KEY (ID) ) ENGINE=InnoDB DEFAULT CHARSET=utf8;
DROP TABLE WEBPORTAL_TEMPLATE_TASK_DETAIL;
CREATE TABLE WEBPORTAL_TEMPLATE_TASK_DETAIL ( ID bigint NOT NULL AUTO_INCREMENT, NAME varchar(200), DESCN varchar(500), BEANNAME varchar(50), TASK_TYPE varchar(20), PARAMS varchar(500), RETRY tinyint, VERSION tinyint, DELETED tinyint, CREATE_TIME datetime, UPDATE_TIME datetime, CREATE_USER bigint, UPDATE_USER bigint, PRIMARY KEY (ID) ) ENGINE=InnoDB DEFAULT CHARSET=utf8;

/*
 * add datas----------------------------------------------------------
 */

/*
 * add monitor index data.
 * 部署之后添加。
 */
insert into WEBPORTAL_INDEX_MONITOR (ID, TITLE_TEXT, SUB_TITLE_TEXT, Y_AXIS_TEXT, Y_AXIS_TEXT_1, Y_AXIS_TEXT_2, Y_AXIS_TEXT_3, TOOLTIP_SUFFIX, FLUSH_TIME, DETAIL_TABLE, STATUS, DATA_FROM_API, MONITOR_POINT) values (31, 'container.memery', null, null, null, null, null, 'M', null, 'WEBPORTAL_MONITOR_CONTAINER_MEMERY', 2, '/containerCluster/stat/{0}/memory', 'total_cache,total_swap,total_rss');
insert into WEBPORTAL_INDEX_MONITOR (ID, TITLE_TEXT, SUB_TITLE_TEXT, Y_AXIS_TEXT, Y_AXIS_TEXT_1, Y_AXIS_TEXT_2, Y_AXIS_TEXT_3, TOOLTIP_SUFFIX, FLUSH_TIME, DETAIL_TABLE, STATUS, DATA_FROM_API, MONITOR_POINT) values (32, 'container.cpuacct', null, null, null, null, null, '%', null, 'WEBPORTAL_MONITOR_CONTAINER_CPUACCT', 2, '/containerCluster/stat/{0}/cpuacct', 'system,user');
insert into WEBPORTAL_INDEX_MONITOR (ID, TITLE_TEXT, SUB_TITLE_TEXT, Y_AXIS_TEXT, Y_AXIS_TEXT_1, Y_AXIS_TEXT_2, Y_AXIS_TEXT_3, TOOLTIP_SUFFIX, FLUSH_TIME, DETAIL_TABLE, STATUS, DATA_FROM_API, MONITOR_POINT) values (33, 'container.networkio', null, null, null, null, null, 'M/s', null, 'WEBPORTAL_MONITOR_CONTAINER_NETWORKIO', 2, '/containerCluster/stat/{0}/networkio', 'RX,TX');
insert into WEBPORTAL_INDEX_MONITOR (ID, TITLE_TEXT, SUB_TITLE_TEXT, Y_AXIS_TEXT, Y_AXIS_TEXT_1, Y_AXIS_TEXT_2, Y_AXIS_TEXT_3, TOOLTIP_SUFFIX, FLUSH_TIME, DETAIL_TABLE, STATUS, DATA_FROM_API, MONITOR_POINT) values (34, 'container.disk', null, null, null, null, null, 'G', null, 'WEBPORTAL_MONITOR_CONTAINER_DISK', 2, '/containerCluster/stat/{0}/disk', 'root_mount,mysql_mount');
/*
 * add task datas.
 */
insert into WEBPORTAL_TEMPLATE_TASK (ID, NAME, TASK_TYPE, DESCN, DELETED, CREATE_TIME, UPDATE_TIME, CREATE_USER, UPDATE_USER) values (5, 'RDS_BUY', 'RDS', 'RDS_BUY', 0, '2015-03-31 17:01:26', null, null, null);
insert into WEBPORTAL_TEMPLATE_TASK (ID, NAME, TASK_TYPE, DESCN, DELETED, CREATE_TIME, UPDATE_TIME, CREATE_USER, UPDATE_USER) values (6, 'GCE_BUY', 'GCE', 'GCE_BUY', 0, '2015-04-01 10:07:58', null, null, null);
insert into WEBPORTAL_TEMPLATE_TASK (ID, NAME, TASK_TYPE, DESCN, DELETED, CREATE_TIME, UPDATE_TIME, CREATE_USER, UPDATE_USER) values (7, 'SLB_BUY', 'SLB', 'SLB_BUY', 0, '2015-04-03 10:33:51', null, null, null);
insert into WEBPORTAL_TEMPLATE_TASK (ID, NAME, TASK_TYPE, DESCN, DELETED, CREATE_TIME, UPDATE_TIME, CREATE_USER, UPDATE_USER) values (8, 'GCE_BUY_EXT', 'GCE', 'GCE_BUY_EXT', 0, '2015-04-01 10:07:58', null, null, null);
insert into WEBPORTAL_TEMPLATE_TASK (ID, NAME, TASK_TYPE, DESCN, DELETED, CREATE_TIME, UPDATE_TIME, CREATE_USER, UPDATE_USER) values (10, 'CBASE_BUY', 'CBASE', 'CBASE_BUY', 0, '2015-04-21 15:00:33', null, null, null);

insert into WEBPORTAL_TEMPLATE_TASK_CHAIN (ID, TASK_ID, TASK_DETAIL_ID, EXECUTE_ORDER, RETRY, DELETED, CREATE_TIME, UPDATE_TIME, CREATE_USER, UPDATE_USER) values (91, 6, 29, 1, 1, 0, '2015-04-03 20:35:28', null, null, null);
insert into WEBPORTAL_TEMPLATE_TASK_CHAIN (ID, TASK_ID, TASK_DETAIL_ID, EXECUTE_ORDER, RETRY, DELETED, CREATE_TIME, UPDATE_TIME, CREATE_USER, UPDATE_USER) values (92, 6, 30, 2, 1, 0, '2015-04-03 20:35:32', null, null, null);
insert into WEBPORTAL_TEMPLATE_TASK_CHAIN (ID, TASK_ID, TASK_DETAIL_ID, EXECUTE_ORDER, RETRY, DELETED, CREATE_TIME, UPDATE_TIME, CREATE_USER, UPDATE_USER) values (93, 6, 31, 3, 1, 0, '2015-04-03 20:35:35', null, null, null);
insert into WEBPORTAL_TEMPLATE_TASK_CHAIN (ID, TASK_ID, TASK_DETAIL_ID, EXECUTE_ORDER, RETRY, DELETED, CREATE_TIME, UPDATE_TIME, CREATE_USER, UPDATE_USER) values (94, 6, 32, 4, 1, 0, '2015-04-03 20:35:40', null, null, null);
insert into WEBPORTAL_TEMPLATE_TASK_CHAIN (ID, TASK_ID, TASK_DETAIL_ID, EXECUTE_ORDER, RETRY, DELETED, CREATE_TIME, UPDATE_TIME, CREATE_USER, UPDATE_USER) values (95, 6, 33, 5, 1, 0, '2015-04-03 20:35:45', null, null, null);
insert into WEBPORTAL_TEMPLATE_TASK_CHAIN (ID, TASK_ID, TASK_DETAIL_ID, EXECUTE_ORDER, RETRY, DELETED, CREATE_TIME, UPDATE_TIME, CREATE_USER, UPDATE_USER) values (96, 6, 34, 6, 1, 0, '2015-04-03 20:35:50', null, null, null);
insert into WEBPORTAL_TEMPLATE_TASK_CHAIN (ID, TASK_ID, TASK_DETAIL_ID, EXECUTE_ORDER, RETRY, DELETED, CREATE_TIME, UPDATE_TIME, CREATE_USER, UPDATE_USER) values (97, 6, 35, 7, 1, 0, '2015-04-03 20:35:57', null, null, null);
insert into WEBPORTAL_TEMPLATE_TASK_CHAIN (ID, TASK_ID, TASK_DETAIL_ID, EXECUTE_ORDER, RETRY, DELETED, CREATE_TIME, UPDATE_TIME, CREATE_USER, UPDATE_USER) values (98, 6, 36, 8, 1, 0, '2015-04-03 20:36:01', null, null, null);
insert into WEBPORTAL_TEMPLATE_TASK_CHAIN (ID, TASK_ID, TASK_DETAIL_ID, EXECUTE_ORDER, RETRY, DELETED, CREATE_TIME, UPDATE_TIME, CREATE_USER, UPDATE_USER) values (99, 6, 37, 9, 1, 0, '2015-04-03 20:36:09', null, null, null);

insert into WEBPORTAL_TEMPLATE_TASK_CHAIN (ID, TASK_ID, TASK_DETAIL_ID, EXECUTE_ORDER, RETRY, DELETED, CREATE_TIME, UPDATE_TIME, CREATE_USER, UPDATE_USER) values (100, 6, 38, 10, 1, 0, '2015-04-03 20:36:13', null, null, null);
insert into WEBPORTAL_TEMPLATE_TASK_CHAIN (ID, TASK_ID, TASK_DETAIL_ID, EXECUTE_ORDER, RETRY, DELETED, CREATE_TIME, UPDATE_TIME, CREATE_USER, UPDATE_USER) values (101, 7, 39, 1, 1, 0, '2015-04-03 20:36:24', null, null, null);
insert into WEBPORTAL_TEMPLATE_TASK_CHAIN (ID, TASK_ID, TASK_DETAIL_ID, EXECUTE_ORDER, RETRY, DELETED, CREATE_TIME, UPDATE_TIME, CREATE_USER, UPDATE_USER) values (102, 7, 40, 2, 1, 0, '2015-04-03 20:36:28', null, null, null);
insert into WEBPORTAL_TEMPLATE_TASK_CHAIN (ID, TASK_ID, TASK_DETAIL_ID, EXECUTE_ORDER, RETRY, DELETED, CREATE_TIME, UPDATE_TIME, CREATE_USER, UPDATE_USER) values (103, 7, 42, 3, 1, 0, '2015-04-03 20:36:31', null, null, null);
insert into WEBPORTAL_TEMPLATE_TASK_CHAIN (ID, TASK_ID, TASK_DETAIL_ID, EXECUTE_ORDER, RETRY, DELETED, CREATE_TIME, UPDATE_TIME, CREATE_USER, UPDATE_USER) values (104, 7, 44, 4, 1, 0, '2015-04-03 20:36:34', null, null, null);
insert into WEBPORTAL_TEMPLATE_TASK_CHAIN (ID, TASK_ID, TASK_DETAIL_ID, EXECUTE_ORDER, RETRY, DELETED, CREATE_TIME, UPDATE_TIME, CREATE_USER, UPDATE_USER) values (105, 7, 45, 5, 1, 0, '2015-04-03 20:36:38', null, null, null);
insert into WEBPORTAL_TEMPLATE_TASK_CHAIN (ID, TASK_ID, TASK_DETAIL_ID, EXECUTE_ORDER, RETRY, DELETED, CREATE_TIME, UPDATE_TIME, CREATE_USER, UPDATE_USER) values (106, 7, 46, 6, 1, 0, '2015-04-03 20:36:41', null, null, null);
insert into WEBPORTAL_TEMPLATE_TASK_CHAIN (ID, TASK_ID, TASK_DETAIL_ID, EXECUTE_ORDER, RETRY, DELETED, CREATE_TIME, UPDATE_TIME, CREATE_USER, UPDATE_USER) values (107, 7, 47, 7, 1, 0, '2015-04-03 20:36:45', null, null, null);
insert into WEBPORTAL_TEMPLATE_TASK_CHAIN (ID, TASK_ID, TASK_DETAIL_ID, EXECUTE_ORDER, RETRY, DELETED, CREATE_TIME, UPDATE_TIME, CREATE_USER, UPDATE_USER) values (108, 7, 48, 8, 1, 0, '2015-04-03 20:36:50', null, null, null);
insert into WEBPORTAL_TEMPLATE_TASK_CHAIN (ID, TASK_ID, TASK_DETAIL_ID, EXECUTE_ORDER, RETRY, DELETED, CREATE_TIME, UPDATE_TIME, CREATE_USER, UPDATE_USER) values (109, 7, 49, 9, 1, 0, '2015-04-03 20:36:53', null, null, null);

insert into WEBPORTAL_TEMPLATE_TASK_CHAIN (ID, TASK_ID, TASK_DETAIL_ID, EXECUTE_ORDER, RETRY, DELETED, CREATE_TIME, UPDATE_TIME, CREATE_USER, UPDATE_USER) values (110, 6, 50, 11, 1, 0, '2015-04-07 11:12:23', null, null, null);
insert into WEBPORTAL_TEMPLATE_TASK_CHAIN (ID, TASK_ID, TASK_DETAIL_ID, EXECUTE_ORDER, RETRY, DELETED, CREATE_TIME, UPDATE_TIME, CREATE_USER, UPDATE_USER) values (111, 5, 25, 1, 1, 0, '2015-04-17 14:35:45', null, null, null);
insert into WEBPORTAL_TEMPLATE_TASK_CHAIN (ID, TASK_ID, TASK_DETAIL_ID, EXECUTE_ORDER, RETRY, DELETED, CREATE_TIME, UPDATE_TIME, CREATE_USER, UPDATE_USER) values (112, 5, 26, 2, 1, 0, '2015-04-17 14:35:52', null, null, null);
insert into WEBPORTAL_TEMPLATE_TASK_CHAIN (ID, TASK_ID, TASK_DETAIL_ID, EXECUTE_ORDER, RETRY, DELETED, CREATE_TIME, UPDATE_TIME, CREATE_USER, UPDATE_USER) values (113, 5, 27, 3, 1, 0, '2015-04-17 14:35:57', null, null, null);
insert into WEBPORTAL_TEMPLATE_TASK_CHAIN (ID, TASK_ID, TASK_DETAIL_ID, EXECUTE_ORDER, RETRY, DELETED, CREATE_TIME, UPDATE_TIME, CREATE_USER, UPDATE_USER) values (114, 5, 28, 4, 1, 0, '2015-04-17 14:36:01', null, null, null);
insert into WEBPORTAL_TEMPLATE_TASK_CHAIN (ID, TASK_ID, TASK_DETAIL_ID, EXECUTE_ORDER, RETRY, DELETED, CREATE_TIME, UPDATE_TIME, CREATE_USER, UPDATE_USER) values (115, 5, 8, 5, 1, 0, '2015-04-17 14:37:03', null, null, null);
insert into WEBPORTAL_TEMPLATE_TASK_CHAIN (ID, TASK_ID, TASK_DETAIL_ID, EXECUTE_ORDER, RETRY, DELETED, CREATE_TIME, UPDATE_TIME, CREATE_USER, UPDATE_USER) values (116, 5, 9, 6, 1, 0, '2015-04-17 14:37:07', null, null, null);
insert into WEBPORTAL_TEMPLATE_TASK_CHAIN (ID, TASK_ID, TASK_DETAIL_ID, EXECUTE_ORDER, RETRY, DELETED, CREATE_TIME, UPDATE_TIME, CREATE_USER, UPDATE_USER) values (117, 5, 10, 7, 1, 0, '2015-04-17 14:37:11', null, null, null);
insert into WEBPORTAL_TEMPLATE_TASK_CHAIN (ID, TASK_ID, TASK_DETAIL_ID, EXECUTE_ORDER, RETRY, DELETED, CREATE_TIME, UPDATE_TIME, CREATE_USER, UPDATE_USER) values (118, 5, 11, 8, 1, 0, '2015-04-17 14:37:14', null, null, null);
insert into WEBPORTAL_TEMPLATE_TASK_CHAIN (ID, TASK_ID, TASK_DETAIL_ID, EXECUTE_ORDER, RETRY, DELETED, CREATE_TIME, UPDATE_TIME, CREATE_USER, UPDATE_USER) values (119, 5, 12, 9, 1, 0, '2015-04-17 14:37:18', null, null, null);

insert into WEBPORTAL_TEMPLATE_TASK_CHAIN (ID, TASK_ID, TASK_DETAIL_ID, EXECUTE_ORDER, RETRY, DELETED, CREATE_TIME, UPDATE_TIME, CREATE_USER, UPDATE_USER) values (120, 5, 13, 10, 1, 0, '2015-04-17 14:37:22', null, null, null);
insert into WEBPORTAL_TEMPLATE_TASK_CHAIN (ID, TASK_ID, TASK_DETAIL_ID, EXECUTE_ORDER, RETRY, DELETED, CREATE_TIME, UPDATE_TIME, CREATE_USER, UPDATE_USER) values (121, 5, 14, 11, 1, 0, '2015-04-17 14:37:26', null, null, null);
insert into WEBPORTAL_TEMPLATE_TASK_CHAIN (ID, TASK_ID, TASK_DETAIL_ID, EXECUTE_ORDER, RETRY, DELETED, CREATE_TIME, UPDATE_TIME, CREATE_USER, UPDATE_USER) values (122, 5, 15, 12, 1, 0, '2015-04-17 14:37:30', null, null, null);
insert into WEBPORTAL_TEMPLATE_TASK_CHAIN (ID, TASK_ID, TASK_DETAIL_ID, EXECUTE_ORDER, RETRY, DELETED, CREATE_TIME, UPDATE_TIME, CREATE_USER, UPDATE_USER) values (123, 5, 16, 13, 1, 0, '2015-04-17 14:37:36', null, null, null);
insert into WEBPORTAL_TEMPLATE_TASK_CHAIN (ID, TASK_ID, TASK_DETAIL_ID, EXECUTE_ORDER, RETRY, DELETED, CREATE_TIME, UPDATE_TIME, CREATE_USER, UPDATE_USER) values (124, 5, 17, 14, 1, 0, '2015-04-17 14:37:44', null, null, null);
insert into WEBPORTAL_TEMPLATE_TASK_CHAIN (ID, TASK_ID, TASK_DETAIL_ID, EXECUTE_ORDER, RETRY, DELETED, CREATE_TIME, UPDATE_TIME, CREATE_USER, UPDATE_USER) values (125, 5, 18, 15, 1, 0, '2015-04-17 14:37:49', null, null, null);
insert into WEBPORTAL_TEMPLATE_TASK_CHAIN (ID, TASK_ID, TASK_DETAIL_ID, EXECUTE_ORDER, RETRY, DELETED, CREATE_TIME, UPDATE_TIME, CREATE_USER, UPDATE_USER) values (126, 5, 19, 16, 1, 0, '2015-04-17 14:37:56', null, null, null);
insert into WEBPORTAL_TEMPLATE_TASK_CHAIN (ID, TASK_ID, TASK_DETAIL_ID, EXECUTE_ORDER, RETRY, DELETED, CREATE_TIME, UPDATE_TIME, CREATE_USER, UPDATE_USER) values (127, 5, 20, 17, 1, 0, '2015-04-17 14:38:02', null, null, null);
insert into WEBPORTAL_TEMPLATE_TASK_CHAIN (ID, TASK_ID, TASK_DETAIL_ID, EXECUTE_ORDER, RETRY, DELETED, CREATE_TIME, UPDATE_TIME, CREATE_USER, UPDATE_USER) values (128, 5, 21, 18, 1, 0, '2015-04-17 14:38:06', null, null, null);
insert into WEBPORTAL_TEMPLATE_TASK_CHAIN (ID, TASK_ID, TASK_DETAIL_ID, EXECUTE_ORDER, RETRY, DELETED, CREATE_TIME, UPDATE_TIME, CREATE_USER, UPDATE_USER) values (129, 5, 22, 19, 1, 0, '2015-04-17 14:38:10', null, null, null);

insert into WEBPORTAL_TEMPLATE_TASK_CHAIN (ID, TASK_ID, TASK_DETAIL_ID, EXECUTE_ORDER, RETRY, DELETED, CREATE_TIME, UPDATE_TIME, CREATE_USER, UPDATE_USER) values (130, 5, 23, 20, 1, 0, '2015-04-17 14:38:14', null, null, null);
insert into WEBPORTAL_TEMPLATE_TASK_CHAIN (ID, TASK_ID, TASK_DETAIL_ID, EXECUTE_ORDER, RETRY, DELETED, CREATE_TIME, UPDATE_TIME, CREATE_USER, UPDATE_USER) values (140, 10, 51, 1, 1, 0, '2015-04-24 09:48:09', null, null, null);
insert into WEBPORTAL_TEMPLATE_TASK_CHAIN (ID, TASK_ID, TASK_DETAIL_ID, EXECUTE_ORDER, RETRY, DELETED, CREATE_TIME, UPDATE_TIME, CREATE_USER, UPDATE_USER) values (141, 10, 52, 2, 1, 0, '2015-04-24 09:48:15', null, null, null);
insert into WEBPORTAL_TEMPLATE_TASK_CHAIN (ID, TASK_ID, TASK_DETAIL_ID, EXECUTE_ORDER, RETRY, DELETED, CREATE_TIME, UPDATE_TIME, CREATE_USER, UPDATE_USER) values (142, 10, 53, 3, 1, 0, '2015-04-24 09:48:23', null, null, null);
insert into WEBPORTAL_TEMPLATE_TASK_CHAIN (ID, TASK_ID, TASK_DETAIL_ID, EXECUTE_ORDER, RETRY, DELETED, CREATE_TIME, UPDATE_TIME, CREATE_USER, UPDATE_USER) values (143, 10, 54, 4, 1, 0, '2015-04-24 09:48:32', null, null, null);
insert into WEBPORTAL_TEMPLATE_TASK_CHAIN (ID, TASK_ID, TASK_DETAIL_ID, EXECUTE_ORDER, RETRY, DELETED, CREATE_TIME, UPDATE_TIME, CREATE_USER, UPDATE_USER) values (144, 10, 55, 5, 1, 0, '2015-04-24 09:48:38', null, null, null);
insert into WEBPORTAL_TEMPLATE_TASK_CHAIN (ID, TASK_ID, TASK_DETAIL_ID, EXECUTE_ORDER, RETRY, DELETED, CREATE_TIME, UPDATE_TIME, CREATE_USER, UPDATE_USER) values (145, 10, 55, 6, 1, 0, '2015-04-24 09:48:43', null, null, null);
insert into WEBPORTAL_TEMPLATE_TASK_CHAIN (ID, TASK_ID, TASK_DETAIL_ID, EXECUTE_ORDER, RETRY, DELETED, CREATE_TIME, UPDATE_TIME, CREATE_USER, UPDATE_USER) values (146, 10, 56, 7, 1, 0, '2015-04-24 09:48:49', null, null, null);
insert into WEBPORTAL_TEMPLATE_TASK_CHAIN (ID, TASK_ID, TASK_DETAIL_ID, EXECUTE_ORDER, RETRY, DELETED, CREATE_TIME, UPDATE_TIME, CREATE_USER, UPDATE_USER) values (147, 10, 57, 8, 1, 0, '2015-04-24 09:48:56', null, null, null);
insert into WEBPORTAL_TEMPLATE_TASK_CHAIN (ID, TASK_ID, TASK_DETAIL_ID, EXECUTE_ORDER, RETRY, DELETED, CREATE_TIME, UPDATE_TIME, CREATE_USER, UPDATE_USER) values (148, 10, 58, 9, 1, 0, '2015-04-24 09:49:04', null, null, null);

insert into WEBPORTAL_TEMPLATE_TASK_DETAIL (ID, NAME, DESCN, BEANNAME, TASK_TYPE, PARAMS, RETRY, VERSION, DELETED, CREATE_TIME, UPDATE_TIME, CREATE_USER, UPDATE_USER) values (8, 'taskMclusterInitZookeeperService', 'taskMclusterInitZookeeperService', 'taskMclusterInitZookeeperService', 'RDS', null, 1, null, null, null, null, null, null);
insert into WEBPORTAL_TEMPLATE_TASK_DETAIL (ID, NAME, DESCN, BEANNAME, TASK_TYPE, PARAMS, RETRY, VERSION, DELETED, CREATE_TIME, UPDATE_TIME, CREATE_USER, UPDATE_USER) values (9, 'taskMclusterInitAdminUserAndPwdService', 'taskMclusterInitAdminUserAndPwdService', 'taskMclusterInitAdminUserAndPwdService', 'RDS', null, 1, null, null, null, null, null, null);
insert into WEBPORTAL_TEMPLATE_TASK_DETAIL (ID, NAME, DESCN, BEANNAME, TASK_TYPE, PARAMS, RETRY, VERSION, DELETED, CREATE_TIME, UPDATE_TIME, CREATE_USER, UPDATE_USER) values (10, 'taskMclusterPostInfoService', 'taskMclusterPostInfoService', 'taskMclusterPostInfoService', 'RDS', null, 1, null, null, null, null, null, null);
insert into WEBPORTAL_TEMPLATE_TASK_DETAIL (ID, NAME, DESCN, BEANNAME, TASK_TYPE, PARAMS, RETRY, VERSION, DELETED, CREATE_TIME, UPDATE_TIME, CREATE_USER, UPDATE_USER) values (11, 'taskMclusterInitService', 'taskMclusterInitService', 'taskMclusterInitService', 'RDS', null, 1, null, null, null, null, null, null);
insert into WEBPORTAL_TEMPLATE_TASK_DETAIL (ID, NAME, DESCN, BEANNAME, TASK_TYPE, PARAMS, RETRY, VERSION, DELETED, CREATE_TIME, UPDATE_TIME, CREATE_USER, UPDATE_USER) values (12, 'taskDbCreateService', 'taskDbCreateService', 'taskDbCreateService', 'RDS', null, 1, null, null, null, null, null, null);
insert into WEBPORTAL_TEMPLATE_TASK_DETAIL (ID, NAME, DESCN, BEANNAME, TASK_TYPE, PARAMS, RETRY, VERSION, DELETED, CREATE_TIME, UPDATE_TIME, CREATE_USER, UPDATE_USER) values (13, 'taskDbUserCreateService', 'taskDbUserCreateService', 'taskDbUserCreateService', 'RDS', null, 1, null, null, null, null, null, null);
insert into WEBPORTAL_TEMPLATE_TASK_DETAIL (ID, NAME, DESCN, BEANNAME, TASK_TYPE, PARAMS, RETRY, VERSION, DELETED, CREATE_TIME, UPDATE_TIME, CREATE_USER, UPDATE_USER) values (14, 'taskContainerSyncService', 'taskContainerSyncService', 'taskContainerSyncService', 'RDS', null, 1, null, null, null, null, null, null);
insert into WEBPORTAL_TEMPLATE_TASK_DETAIL (ID, NAME, DESCN, BEANNAME, TASK_TYPE, PARAMS, RETRY, VERSION, DELETED, CREATE_TIME, UPDATE_TIME, CREATE_USER, UPDATE_USER) values (15, 'taskContainerPostInfoService', 'taskContainerPostInfoService', 'taskContainerPostInfoService', 'RDS', null, 1, null, null, null, null, null, null);
insert into WEBPORTAL_TEMPLATE_TASK_DETAIL (ID, NAME, DESCN, BEANNAME, TASK_TYPE, PARAMS, RETRY, VERSION, DELETED, CREATE_TIME, UPDATE_TIME, CREATE_USER, UPDATE_USER) values (16, 'taskContainerSync2Service', 'taskContainerSync2Service', 'taskContainerSync2Service', 'RDS', null, 1, null, null, null, null, null, null);
insert into WEBPORTAL_TEMPLATE_TASK_DETAIL (ID, NAME, DESCN, BEANNAME, TASK_TYPE, PARAMS, RETRY, VERSION, DELETED, CREATE_TIME, UPDATE_TIME, CREATE_USER, UPDATE_USER) values (17, 'taskContainerPostInfo2Service', 'taskContainerPostInfo2Service', 'taskContainerPostInfo2Service', 'RDS', null, 1, null, null, null, null, null, null);

insert into WEBPORTAL_TEMPLATE_TASK_DETAIL (ID, NAME, DESCN, BEANNAME, TASK_TYPE, PARAMS, RETRY, VERSION, DELETED, CREATE_TIME, UPDATE_TIME, CREATE_USER, UPDATE_USER) values (18, 'taskMclusterStartService', 'taskMclusterStartService', 'taskMclusterStartService', 'RDS', null, 1, null, null, null, null, null, null);
insert into WEBPORTAL_TEMPLATE_TASK_DETAIL (ID, NAME, DESCN, BEANNAME, TASK_TYPE, PARAMS, RETRY, VERSION, DELETED, CREATE_TIME, UPDATE_TIME, CREATE_USER, UPDATE_USER) values (19, 'taskContainerCheckStatusService', 'taskContainerCheckStatusService', 'taskContainerCheckStatusService', 'RDS', null, 1, null, null, null, null, null, null);
insert into WEBPORTAL_TEMPLATE_TASK_DETAIL (ID, NAME, DESCN, BEANNAME, TASK_TYPE, PARAMS, RETRY, VERSION, DELETED, CREATE_TIME, UPDATE_TIME, CREATE_USER, UPDATE_USER) values (20, 'taskMclusterStartGlb3306Service', 'taskMclusterStartGlb3306Service', 'taskMclusterStartGlb3306Service', 'RDS', null, 1, null, null, null, null, null, null);
insert into WEBPORTAL_TEMPLATE_TASK_DETAIL (ID, NAME, DESCN, BEANNAME, TASK_TYPE, PARAMS, RETRY, VERSION, DELETED, CREATE_TIME, UPDATE_TIME, CREATE_USER, UPDATE_USER) values (21, 'taskMclusterStartGlb8888Service', 'taskMclusterStartGlb8888Service', 'taskMclusterStartGlb8888Service', 'RDS', null, 1, null, null, null, null, null, null);
insert into WEBPORTAL_TEMPLATE_TASK_DETAIL (ID, NAME, DESCN, BEANNAME, TASK_TYPE, PARAMS, RETRY, VERSION, DELETED, CREATE_TIME, UPDATE_TIME, CREATE_USER, UPDATE_USER) values (22, 'taskFixedPushService', 'taskFixedPushService', 'taskFixedPushService', 'RDS', null, 1, null, null, null, null, null, null);
insert into WEBPORTAL_TEMPLATE_TASK_DETAIL (ID, NAME, DESCN, BEANNAME, TASK_TYPE, PARAMS, RETRY, VERSION, DELETED, CREATE_TIME, UPDATE_TIME, CREATE_USER, UPDATE_USER) values (23, 'taskZabbixPushService', 'taskZabbixPushService', 'taskZabbixPushService', 'RDS', null, 1, null, null, null, null, null, null);
insert into WEBPORTAL_TEMPLATE_TASK_DETAIL (ID, NAME, DESCN, BEANNAME, TASK_TYPE, PARAMS, RETRY, VERSION, DELETED, CREATE_TIME, UPDATE_TIME, CREATE_USER, UPDATE_USER) values (25, 'taskMclusterCreateDataService', 'taskMclusterCreateDataService', 'taskMclusterCreateDataService', 'RDS', null, 1, 0, 0, '2015-03-31 17:14:58', null, null, null);
insert into WEBPORTAL_TEMPLATE_TASK_DETAIL (ID, NAME, DESCN, BEANNAME, TASK_TYPE, PARAMS, RETRY, VERSION, DELETED, CREATE_TIME, UPDATE_TIME, CREATE_USER, UPDATE_USER) values (26, 'taskMclusterCheckDataStatusService', 'taskMclusterCheckDataStatusService', 'taskMclusterCheckDataStatusService', 'RDS', null, 1, 0, 0, '2015-03-31 17:15:46', null, null, null);
insert into WEBPORTAL_TEMPLATE_TASK_DETAIL (ID, NAME, DESCN, BEANNAME, TASK_TYPE, PARAMS, RETRY, VERSION, DELETED, CREATE_TIME, UPDATE_TIME, CREATE_USER, UPDATE_USER) values (27, 'taskMclusterCreateVIPService', 'taskMclusterCreateVIPService', 'taskMclusterCreateVIPService', 'RDS', null, 1, 0, 0, '2015-03-31 17:15:57', null, null, null);
insert into WEBPORTAL_TEMPLATE_TASK_DETAIL (ID, NAME, DESCN, BEANNAME, TASK_TYPE, PARAMS, RETRY, VERSION, DELETED, CREATE_TIME, UPDATE_TIME, CREATE_USER, UPDATE_USER) values (28, 'taskMclusterCheckVIPStatusService', 'taskMclusterCheckVIPStatusService', 'taskMclusterCheckVIPStatusService', 'RDS', null, 1, 0, 0, '2015-03-31 17:16:06', null, null, null);

insert into WEBPORTAL_TEMPLATE_TASK_DETAIL (ID, NAME, DESCN, BEANNAME, TASK_TYPE, PARAMS, RETRY, VERSION, DELETED, CREATE_TIME, UPDATE_TIME, CREATE_USER, UPDATE_USER) values (29, 'taskGceClusterCreateService', 'taskGceClusterCreateService', 'taskGceClusterCreateService', 'GCE', null, 1, 0, 0, '2015-04-01 10:09:04', null, null, null);
insert into WEBPORTAL_TEMPLATE_TASK_DETAIL (ID, NAME, DESCN, BEANNAME, TASK_TYPE, PARAMS, RETRY, VERSION, DELETED, CREATE_TIME, UPDATE_TIME, CREATE_USER, UPDATE_USER) values (30, 'taskGceClusterCheckStatusService', 'taskGceClusterCheckStatusService', 'taskGceClusterCheckStatusService', 'GCE', null, 1, 0, 0, '2015-04-01 10:09:19', null, null, null);
insert into WEBPORTAL_TEMPLATE_TASK_DETAIL (ID, NAME, DESCN, BEANNAME, TASK_TYPE, PARAMS, RETRY, VERSION, DELETED, CREATE_TIME, UPDATE_TIME, CREATE_USER, UPDATE_USER) values (31, 'taskGceInitZookeeperService', 'taskGceInitZookeeperService', 'taskGceInitZookeeperService', 'GCE', null, 1, 0, 0, '2015-04-01 10:10:15', null, null, null);
insert into WEBPORTAL_TEMPLATE_TASK_DETAIL (ID, NAME, DESCN, BEANNAME, TASK_TYPE, PARAMS, RETRY, VERSION, DELETED, CREATE_TIME, UPDATE_TIME, CREATE_USER, UPDATE_USER) values (32, 'taskGceInitAdminUserAndPwdService', 'taskGceInitAdminUserAndPwdService', 'taskGceInitAdminUserAndPwdService', 'GCE', null, 1, 0, 0, '2015-04-01 10:10:40', null, null, null);
insert into WEBPORTAL_TEMPLATE_TASK_DETAIL (ID, NAME, DESCN, BEANNAME, TASK_TYPE, PARAMS, RETRY, VERSION, DELETED, CREATE_TIME, UPDATE_TIME, CREATE_USER, UPDATE_USER) values (33, 'taskGceContainer1CreateService', 'taskGceContainer1CreateService', 'taskGceContainer1CreateService', 'GCE', null, 1, 0, 0, '2015-04-01 10:11:01', null, null, null);
insert into WEBPORTAL_TEMPLATE_TASK_DETAIL (ID, NAME, DESCN, BEANNAME, TASK_TYPE, PARAMS, RETRY, VERSION, DELETED, CREATE_TIME, UPDATE_TIME, CREATE_USER, UPDATE_USER) values (34, 'taskGceInitZookeeper2Service', 'taskGceInitZookeeper2Service', 'taskGceInitZookeeper2Service', 'GCE', null, 1, 0, 0, '2015-04-01 10:11:28', null, null, null);
insert into WEBPORTAL_TEMPLATE_TASK_DETAIL (ID, NAME, DESCN, BEANNAME, TASK_TYPE, PARAMS, RETRY, VERSION, DELETED, CREATE_TIME, UPDATE_TIME, CREATE_USER, UPDATE_USER) values (35, 'taskGceContainerSync2Service', 'taskGceContainerSync2Service', 'taskGceContainerSync2Service', 'GCE', null, 1, 0, 0, '2015-04-01 10:11:52', null, null, null);
insert into WEBPORTAL_TEMPLATE_TASK_DETAIL (ID, NAME, DESCN, BEANNAME, TASK_TYPE, PARAMS, RETRY, VERSION, DELETED, CREATE_TIME, UPDATE_TIME, CREATE_USER, UPDATE_USER) values (36, 'taskGceContainer2CreateService', 'taskGceContainer2CreateService', 'taskGceContainer2CreateService', 'GCE', null, 1, 0, 0, '2015-04-01 10:12:09', null, null, null);
insert into WEBPORTAL_TEMPLATE_TASK_DETAIL (ID, NAME, DESCN, BEANNAME, TASK_TYPE, PARAMS, RETRY, VERSION, DELETED, CREATE_TIME, UPDATE_TIME, CREATE_USER, UPDATE_USER) values (37, 'taskGceStartService', 'taskGceStartService', 'taskGceStartService', 'GCE', null, 1, 0, 0, '2015-04-01 10:16:48', null, null, null);
insert into WEBPORTAL_TEMPLATE_TASK_DETAIL (ID, NAME, DESCN, BEANNAME, TASK_TYPE, PARAMS, RETRY, VERSION, DELETED, CREATE_TIME, UPDATE_TIME, CREATE_USER, UPDATE_USER) values (38, 'taskGceCheckStartService', 'taskGceCheckStartService', 'taskGceCheckStartService', 'GCE', null, 1, 0, 0, '2015-04-01 20:59:01', null, null, null);

insert into WEBPORTAL_TEMPLATE_TASK_DETAIL (ID, NAME, DESCN, BEANNAME, TASK_TYPE, PARAMS, RETRY, VERSION, DELETED, CREATE_TIME, UPDATE_TIME, CREATE_USER, UPDATE_USER) values (39, 'taskSlbCreateService', 'taskSlbCreateService', 'taskSlbCreateService', 'SLB', null, 1, 0, 0, '2015-04-03 09:58:36', null, null, null);
insert into WEBPORTAL_TEMPLATE_TASK_DETAIL (ID, NAME, DESCN, BEANNAME, TASK_TYPE, PARAMS, RETRY, VERSION, DELETED, CREATE_TIME, UPDATE_TIME, CREATE_USER, UPDATE_USER) values (40, 'taskSlbChecktatusService', 'taskSlbChecktatusService', 'taskSlbChecktatusService', 'SLB', null, 1, 0, 0, '2015-04-03 09:58:53', null, null, null);
insert into WEBPORTAL_TEMPLATE_TASK_DETAIL (ID, NAME, DESCN, BEANNAME, TASK_TYPE, PARAMS, RETRY, VERSION, DELETED, CREATE_TIME, UPDATE_TIME, CREATE_USER, UPDATE_USER) values (42, 'taskSlbInitZookeeperService', 'taskSlbInitZookeeperService', 'taskSlbInitZookeeperService', 'SLB', null, 1, 0, 0, '2015-04-03 09:59:53', null, null, null);
insert into WEBPORTAL_TEMPLATE_TASK_DETAIL (ID, NAME, DESCN, BEANNAME, TASK_TYPE, PARAMS, RETRY, VERSION, DELETED, CREATE_TIME, UPDATE_TIME, CREATE_USER, UPDATE_USER) values (44, 'taskSlbInitAdminUserAndPwdService', 'taskSlbInitAdminUserAndPwdService', 'taskSlbInitAdminUserAndPwdService', 'SLB', null, 1, 0, 0, '2015-04-03 10:00:55', null, null, null);
insert into WEBPORTAL_TEMPLATE_TASK_DETAIL (ID, NAME, DESCN, BEANNAME, TASK_TYPE, PARAMS, RETRY, VERSION, DELETED, CREATE_TIME, UPDATE_TIME, CREATE_USER, UPDATE_USER) values (45, 'taskSlbContainer1CreateService', 'taskSlbContainer1CreateService', 'taskSlbContainer1CreateService', 'SLB', null, 1, 0, 0, '2015-04-03 10:01:10', null, null, null);
insert into WEBPORTAL_TEMPLATE_TASK_DETAIL (ID, NAME, DESCN, BEANNAME, TASK_TYPE, PARAMS, RETRY, VERSION, DELETED, CREATE_TIME, UPDATE_TIME, CREATE_USER, UPDATE_USER) values (46, 'taskSlbInitZookeeper2Service', 'taskSlbInitZookeeper2Service', 'taskSlbInitZookeeper2Service', 'SLB', null, 1, 0, 0, '2015-04-03 10:01:28', null, null, null);
insert into WEBPORTAL_TEMPLATE_TASK_DETAIL (ID, NAME, DESCN, BEANNAME, TASK_TYPE, PARAMS, RETRY, VERSION, DELETED, CREATE_TIME, UPDATE_TIME, CREATE_USER, UPDATE_USER) values (47, 'taskSlbContainerSync2Service', 'taskSlbContainerSync2Service', 'taskSlbContainerSync2Service', 'SLB', null, 1, 0, 0, '2015-04-03 10:01:52', null, null, null);
insert into WEBPORTAL_TEMPLATE_TASK_DETAIL (ID, NAME, DESCN, BEANNAME, TASK_TYPE, PARAMS, RETRY, VERSION, DELETED, CREATE_TIME, UPDATE_TIME, CREATE_USER, UPDATE_USER) values (48, 'taskSlbContainer2CreateService', 'taskSlbContainer2CreateService', 'taskSlbContainer2CreateService', 'SLB', null, 1, 0, 0, '2015-04-03 10:02:03', null, null, null);
insert into WEBPORTAL_TEMPLATE_TASK_DETAIL (ID, NAME, DESCN, BEANNAME, TASK_TYPE, PARAMS, RETRY, VERSION, DELETED, CREATE_TIME, UPDATE_TIME, CREATE_USER, UPDATE_USER) values (49, 'taskSlbVipCreateService', 'taskSlbVipCreateService', 'taskSlbVipCreateService', 'SLB', null, 1, 0, 0, '2015-04-03 10:02:19', null, null, null);

insert into WEBPORTAL_TEMPLATE_TASK_DETAIL (ID, NAME, DESCN, BEANNAME, TASK_TYPE, PARAMS, RETRY, VERSION, DELETED, CREATE_TIME, UPDATE_TIME, CREATE_USER, UPDATE_USER) values (50, 'taskGceNginxConfigService', 'taskGceNginxConfigService', 'taskGceNginxConfigService', 'GCE', null, 1, 0, 0, '2015-04-01 10:10:15', null, null, null);
insert into WEBPORTAL_TEMPLATE_TASK_DETAIL (ID, NAME, DESCN, BEANNAME, TASK_TYPE, PARAMS, RETRY, VERSION, DELETED, CREATE_TIME, UPDATE_TIME, CREATE_USER, UPDATE_USER) values (51, 'taskCbaseClusterCreateService', 'taskCbaseClusterCreateService', 'taskCbaseClusterCreateService', 'CBASE', null, 1, 0, 0, '2015-04-21 15:57:55', null, null, null);
insert into WEBPORTAL_TEMPLATE_TASK_DETAIL (ID, NAME, DESCN, BEANNAME, TASK_TYPE, PARAMS, RETRY, VERSION, DELETED, CREATE_TIME, UPDATE_TIME, CREATE_USER, UPDATE_USER) values (52, 'taskCbaseClusterCheckStatusService', 'taskCbaseClusterCheckStatusService', 'taskCbaseClusterCheckStatusService', 'CBASE', null, 1, 0, 0, '2015-04-21 15:58:57', null, null, null);
insert into WEBPORTAL_TEMPLATE_TASK_DETAIL (ID, NAME, DESCN, BEANNAME, TASK_TYPE, PARAMS, RETRY, VERSION, DELETED, CREATE_TIME, UPDATE_TIME, CREATE_USER, UPDATE_USER) values (53, 'taskCbaseInitAdminUserAndPwdService', 'taskCbaseInitAdminUserAndPwdService', 'taskCbaseInitAdminUserAndPwdService', 'CBASE', null, 1, 0, 0, '2015-04-22 15:08:18', null, null, null);
insert into WEBPORTAL_TEMPLATE_TASK_DETAIL (ID, NAME, DESCN, BEANNAME, TASK_TYPE, PARAMS, RETRY, VERSION, DELETED, CREATE_TIME, UPDATE_TIME, CREATE_USER, UPDATE_USER) values (54, 'taskCbaseMemQuotaService', 'taskCbaseMemQuotaService', 'taskCbaseMemQuotaService', 'CBASE', null, 1, 0, 0, '2015-04-22 15:08:48', null, null, null);
insert into WEBPORTAL_TEMPLATE_TASK_DETAIL (ID, NAME, DESCN, BEANNAME, TASK_TYPE, PARAMS, RETRY, VERSION, DELETED, CREATE_TIME, UPDATE_TIME, CREATE_USER, UPDATE_USER) values (55, 'taskCbaseAddNodeService', 'taskCbaseAddNodeService', 'taskCbaseAddNodeService', 'CBASE', null, 1, 0, 0, '2015-04-22 15:09:20', null, null, null);
insert into WEBPORTAL_TEMPLATE_TASK_DETAIL (ID, NAME, DESCN, BEANNAME, TASK_TYPE, PARAMS, RETRY, VERSION, DELETED, CREATE_TIME, UPDATE_TIME, CREATE_USER, UPDATE_USER) values (56, 'taskCbaseRebalanceService', 'taskCbaseRebalanceService', 'taskCbaseRebalanceService', 'CBASE', null, 1, 0, 0, '2015-04-22 20:41:31', null, null, null);
insert into WEBPORTAL_TEMPLATE_TASK_DETAIL (ID, NAME, DESCN, BEANNAME, TASK_TYPE, PARAMS, RETRY, VERSION, DELETED, CREATE_TIME, UPDATE_TIME, CREATE_USER, UPDATE_USER) values (57, 'taskCbaseRebalanceCheckStatusService', 'taskCbaseRebalanceCheckStatusService', 'taskCbaseRebalanceCheckStatusService', 'CBASE', null, 1, 0, 0, '2015-04-22 20:41:49', null, null, null);
insert into WEBPORTAL_TEMPLATE_TASK_DETAIL (ID, NAME, DESCN, BEANNAME, TASK_TYPE, PARAMS, RETRY, VERSION, DELETED, CREATE_TIME, UPDATE_TIME, CREATE_USER, UPDATE_USER) values (58, 'taskCbaseCreateBucketService', 'taskCbaseCreateBucketService', 'taskCbaseCreateBucketService', 'CBASE', null, 1, 0, 0, '2015-04-22 20:42:17', null, null, null);

