DROP TABLE WEBPORTAL_BUILD;
CREATE TABLE WEBPORTAL_BUILD ( ID bigint NOT NULL AUTO_INCREMENT, MCLUSTER_ID bigint unsigned, DB_ID bigint unsigned, STATUS tinyint, CODE varchar(50) COLLATE utf8_unicode_ci, MSG varchar(200) COLLATE utf8_unicode_ci, START_TIME varchar(19) COLLATE utf8_unicode_ci, STEP_MSG varchar(100), STEP int(3), END_TIME varchar(19), DELETED tinyint, CREATE_TIME datetime, UPDATE_TIME datetime, CREATE_USER bigint, UPDATE_USER bigint, PRIMARY KEY (ID) ) ENGINE=InnoDB DEFAULT CHARSET=utf8;
insert into WEBPORTAL_BUILD (ID, MCLUSTER_ID, DB_ID, STATUS, CODE, MSG, START_TIME, STEP_MSG, STEP, END_TIME, DELETED, CREATE_TIME, UPDATE_TIME, CREATE_USER, UPDATE_USER) values (506, 345, null, 1, null, 'due to create container cluster need a little more times, please wait to finished and email to you, when cluster have started!', '2014-10-31 14:11:16', '创建Mcluster节点', 1, '2014-10-31 14:11:27', null, null, null, null, null);
insert into WEBPORTAL_BUILD (ID, MCLUSTER_ID, DB_ID, STATUS, CODE, MSG, START_TIME, STEP_MSG, STEP, END_TIME, DELETED, CREATE_TIME, UPDATE_TIME, CREATE_USER, UPDATE_USER) values (507, 345, null, 0, null, 'time over check', '2014-10-31 14:21:28', '检查Mcluster节点状态', 2, null, null, null, null, null, null);
insert into WEBPORTAL_BUILD (ID, MCLUSTER_ID, DB_ID, STATUS, CODE, MSG, START_TIME, STEP_MSG, STEP, END_TIME, DELETED, CREATE_TIME, UPDATE_TIME, CREATE_USER, UPDATE_USER) values (508, 345, null, 3, null, null, null, '初始化Zookeeper节点', 3, null, null, null, null, null, null);
insert into WEBPORTAL_BUILD (ID, MCLUSTER_ID, DB_ID, STATUS, CODE, MSG, START_TIME, STEP_MSG, STEP, END_TIME, DELETED, CREATE_TIME, UPDATE_TIME, CREATE_USER, UPDATE_USER) values (509, 345, null, 3, null, null, null, '初始化mcluster管理用户名密码', 4, null, null, null, null, null, null);
insert into WEBPORTAL_BUILD (ID, MCLUSTER_ID, DB_ID, STATUS, CODE, MSG, START_TIME, STEP_MSG, STEP, END_TIME, DELETED, CREATE_TIME, UPDATE_TIME, CREATE_USER, UPDATE_USER) values (510, 345, null, 3, null, null, null, '提交mcluster集群信息', 5, null, null, null, null, null, null);
insert into WEBPORTAL_BUILD (ID, MCLUSTER_ID, DB_ID, STATUS, CODE, MSG, START_TIME, STEP_MSG, STEP, END_TIME, DELETED, CREATE_TIME, UPDATE_TIME, CREATE_USER, UPDATE_USER) values (511, 345, null, 3, null, null, null, '初始化集群', 6, null, null, null, null, null, null);
insert into WEBPORTAL_BUILD (ID, MCLUSTER_ID, DB_ID, STATUS, CODE, MSG, START_TIME, STEP_MSG, STEP, END_TIME, DELETED, CREATE_TIME, UPDATE_TIME, CREATE_USER, UPDATE_USER) values (512, 345, null, 3, null, null, null, '同步节点1信息', 7, null, null, null, null, null, null);
insert into WEBPORTAL_BUILD (ID, MCLUSTER_ID, DB_ID, STATUS, CODE, MSG, START_TIME, STEP_MSG, STEP, END_TIME, DELETED, CREATE_TIME, UPDATE_TIME, CREATE_USER, UPDATE_USER) values (513, 345, null, 3, null, null, null, '提交节点1信息', 8, null, null, null, null, null, null);
insert into WEBPORTAL_BUILD (ID, MCLUSTER_ID, DB_ID, STATUS, CODE, MSG, START_TIME, STEP_MSG, STEP, END_TIME, DELETED, CREATE_TIME, UPDATE_TIME, CREATE_USER, UPDATE_USER) values (514, 345, null, 3, null, null, null, '同步节点2信息', 9, null, null, null, null, null, null);
insert into WEBPORTAL_BUILD (ID, MCLUSTER_ID, DB_ID, STATUS, CODE, MSG, START_TIME, STEP_MSG, STEP, END_TIME, DELETED, CREATE_TIME, UPDATE_TIME, CREATE_USER, UPDATE_USER) values (515, 345, null, 3, null, null, null, '提交节点2信息 ', 10, null, null, null, null, null, null);
insert into WEBPORTAL_BUILD (ID, MCLUSTER_ID, DB_ID, STATUS, CODE, MSG, START_TIME, STEP_MSG, STEP, END_TIME, DELETED, CREATE_TIME, UPDATE_TIME, CREATE_USER, UPDATE_USER) values (516, 345, null, 3, null, null, null, '启动集群', 11, null, null, null, null, null, null);
insert into WEBPORTAL_BUILD (ID, MCLUSTER_ID, DB_ID, STATUS, CODE, MSG, START_TIME, STEP_MSG, STEP, END_TIME, DELETED, CREATE_TIME, UPDATE_TIME, CREATE_USER, UPDATE_USER) values (517, 345, null, 3, null, null, null, '检查集群状态', 12, null, null, null, null, null, null);
insert into WEBPORTAL_BUILD (ID, MCLUSTER_ID, DB_ID, STATUS, CODE, MSG, START_TIME, STEP_MSG, STEP, END_TIME, DELETED, CREATE_TIME, UPDATE_TIME, CREATE_USER, UPDATE_USER) values (518, 345, null, 3, null, null, null, '启动gbalancer:8888', 13, null, null, null, null, null, null);
insert into WEBPORTAL_BUILD (ID, MCLUSTER_ID, DB_ID, STATUS, CODE, MSG, START_TIME, STEP_MSG, STEP, END_TIME, DELETED, CREATE_TIME, UPDATE_TIME, CREATE_USER, UPDATE_USER) values (519, 345, null, 3, null, null, null, '启动gbalancer:3306', 14, null, null, null, null, null, null);
insert into WEBPORTAL_BUILD (ID, MCLUSTER_ID, DB_ID, STATUS, CODE, MSG, START_TIME, STEP_MSG, STEP, END_TIME, DELETED, CREATE_TIME, UPDATE_TIME, CREATE_USER, UPDATE_USER) values (520, 345, null, 3, null, null, null, '固资系统推送', 15, null, null, null, null, null, null);
insert into WEBPORTAL_BUILD (ID, MCLUSTER_ID, DB_ID, STATUS, CODE, MSG, START_TIME, STEP_MSG, STEP, END_TIME, DELETED, CREATE_TIME, UPDATE_TIME, CREATE_USER, UPDATE_USER) values (521, 345, null, 3, null, null, null, 'zabbix系统监控推送', 16, null, null, null, null, null, null);
DROP TABLE WEBPORTAL_CONTAINER;
CREATE TABLE WEBPORTAL_CONTAINER ( ID bigint unsigned NOT NULL AUTO_INCREMENT, CONTAINER_NAME varchar(50) COLLATE utf8_unicode_ci, MOUNT_DIR varchar(500), ZOOKEEPER_ID varchar(3) COLLATE utf8_unicode_ci, IP_ADDR varchar(15), GATE_ADDR varchar(15), IP_MASK varchar(15), type varchar(15), DISK_SIZE int, CORES_NUMBER int, CPU_SPEED int, MEMORY_SIZE int, HOST_ID bigint unsigned, HOST_IP varchar(15), MCLUSTER_ID bigint unsigned, STATUS tinyint, DELETED tinyint, CREATE_TIME datetime, UPDATE_TIME datetime, CREATE_USER bigint unsigned, UPDATE_USER bigint unsigned, ZABBIXHOSTS varchar(20), PRIMARY KEY (ID) ) ENGINE=InnoDB DEFAULT CHARSET=utf8;
insert into WEBPORTAL_CONTAINER (ID, CONTAINER_NAME, MOUNT_DIR, ZOOKEEPER_ID, IP_ADDR, GATE_ADDR, IP_MASK, type, DISK_SIZE, CORES_NUMBER, CPU_SPEED, MEMORY_SIZE, HOST_ID, HOST_IP, MCLUSTER_ID, STATUS, DELETED, CREATE_TIME, UPDATE_TIME, CREATE_USER, UPDATE_USER, ZABBIXHOSTS) values (1264, 'd-mcl-mysql3309-n-3', '{u''/srv/mcluster'': {}}', '3', '10.154.238.24', '10.154.0.1', '255.255.0.0', 'mclusternode', null, null, null, null, 9, '10.154.156.152', 37, 9, 0, '2014-10-31 11:16:01', '2014-10-31 14:55:30', null, null, null);
insert into WEBPORTAL_CONTAINER (ID, CONTAINER_NAME, MOUNT_DIR, ZOOKEEPER_ID, IP_ADDR, GATE_ADDR, IP_MASK, type, DISK_SIZE, CORES_NUMBER, CPU_SPEED, MEMORY_SIZE, HOST_ID, HOST_IP, MCLUSTER_ID, STATUS, DELETED, CREATE_TIME, UPDATE_TIME, CREATE_USER, UPDATE_USER, ZABBIXHOSTS) values (1265, 'd-mcl-mysql3309-n-2', '{u''/srv/mcluster'': {}}', '2', '10.154.238.23', '10.154.0.1', '255.255.0.0', 'mclusternode', null, null, null, null, 6, '10.154.156.151', 37, 1, 0, '2014-10-31 11:16:01', '2014-10-31 14:55:30', null, null, null);
insert into WEBPORTAL_CONTAINER (ID, CONTAINER_NAME, MOUNT_DIR, ZOOKEEPER_ID, IP_ADDR, GATE_ADDR, IP_MASK, type, DISK_SIZE, CORES_NUMBER, CPU_SPEED, MEMORY_SIZE, HOST_ID, HOST_IP, MCLUSTER_ID, STATUS, DELETED, CREATE_TIME, UPDATE_TIME, CREATE_USER, UPDATE_USER, ZABBIXHOSTS) values (1266, 'd-mcl-mysql3309-n-1', '{u''/srv/mcluster'': {}}', '1', '10.154.238.22', '10.154.0.1', '255.255.0.0', 'mclusternode', null, null, null, null, 3, '10.154.156.150', 37, 1, 0, '2014-10-31 11:16:01', '2014-10-31 14:55:30', null, null, null);
insert into WEBPORTAL_CONTAINER (ID, CONTAINER_NAME, MOUNT_DIR, ZOOKEEPER_ID, IP_ADDR, GATE_ADDR, IP_MASK, type, DISK_SIZE, CORES_NUMBER, CPU_SPEED, MEMORY_SIZE, HOST_ID, HOST_IP, MCLUSTER_ID, STATUS, DELETED, CREATE_TIME, UPDATE_TIME, CREATE_USER, UPDATE_USER, ZABBIXHOSTS) values (2017, 'd-vip-mysql3309', 'None', null, '10.154.238.25', '10.154.0.1', '255.255.0.0', 'mclustervip', null, null, null, null, 9, '10.154.156.152', 37, 12, 0, '2014-10-31 11:34:00', '2014-10-31 14:55:30', null, null, null);
insert into WEBPORTAL_CONTAINER (ID, CONTAINER_NAME, MOUNT_DIR, ZOOKEEPER_ID, IP_ADDR, GATE_ADDR, IP_MASK, type, DISK_SIZE, CORES_NUMBER, CPU_SPEED, MEMORY_SIZE, HOST_ID, HOST_IP, MCLUSTER_ID, STATUS, DELETED, CREATE_TIME, UPDATE_TIME, CREATE_USER, UPDATE_USER, ZABBIXHOSTS) values (2242, 'd-mcl-2_test_fenda-n-3', '{''/srv/mcluster'': '''', ''/data/mcluster_data'': ''/data/mcluster_data''}', '3', '10.154.238.31', '10.154.0.1', '255.255.0.0', 'mclusternode', null, null, null, null, 3, '10.154.156.150', 36, 12, 0, '2014-10-31 11:41:59', '2014-10-31 14:55:30', null, null, null);
insert into WEBPORTAL_CONTAINER (ID, CONTAINER_NAME, MOUNT_DIR, ZOOKEEPER_ID, IP_ADDR, GATE_ADDR, IP_MASK, type, DISK_SIZE, CORES_NUMBER, CPU_SPEED, MEMORY_SIZE, HOST_ID, HOST_IP, MCLUSTER_ID, STATUS, DELETED, CREATE_TIME, UPDATE_TIME, CREATE_USER, UPDATE_USER, ZABBIXHOSTS) values (2243, 'd-mcl-2_test_fenda-n-4', null, null, '10.154.238.32', '10.154.0.1', '255.255.0.0', 'mclustervip', null, null, null, null, 9, '10.154.156.152', 36, 12, 0, '2014-10-31 11:41:59', '2014-10-31 14:55:31', null, null, null);
insert into WEBPORTAL_CONTAINER (ID, CONTAINER_NAME, MOUNT_DIR, ZOOKEEPER_ID, IP_ADDR, GATE_ADDR, IP_MASK, type, DISK_SIZE, CORES_NUMBER, CPU_SPEED, MEMORY_SIZE, HOST_ID, HOST_IP, MCLUSTER_ID, STATUS, DELETED, CREATE_TIME, UPDATE_TIME, CREATE_USER, UPDATE_USER, ZABBIXHOSTS) values (2244, 'd-mcl-2_test_fenda-n-1', '{''/srv/mcluster'': '''', ''/data/mcluster_data'': ''/data/mcluster_data''}', '1', '10.154.238.21', '10.154.0.1', '255.255.0.0', 'mclusternode', null, null, null, null, 9, '10.154.156.152', 36, 12, 0, '2014-10-31 11:41:59', '2014-10-31 14:55:31', null, null, null);
insert into WEBPORTAL_CONTAINER (ID, CONTAINER_NAME, MOUNT_DIR, ZOOKEEPER_ID, IP_ADDR, GATE_ADDR, IP_MASK, type, DISK_SIZE, CORES_NUMBER, CPU_SPEED, MEMORY_SIZE, HOST_ID, HOST_IP, MCLUSTER_ID, STATUS, DELETED, CREATE_TIME, UPDATE_TIME, CREATE_USER, UPDATE_USER, ZABBIXHOSTS) values (2287, 'd_mcl_seo_test_node_2', '{u''/srv/mcluster'': {}}', '2', '10.200.85.144', '10.200.0.1', '255.255.255.0', 'mclusternode', null, null, null, null, 16, '10.200.91.142', 336, 1, 0, '2014-10-31 13:46:02', '2014-10-31 14:55:31', null, null, null);
insert into WEBPORTAL_CONTAINER (ID, CONTAINER_NAME, MOUNT_DIR, ZOOKEEPER_ID, IP_ADDR, GATE_ADDR, IP_MASK, type, DISK_SIZE, CORES_NUMBER, CPU_SPEED, MEMORY_SIZE, HOST_ID, HOST_IP, MCLUSTER_ID, STATUS, DELETED, CREATE_TIME, UPDATE_TIME, CREATE_USER, UPDATE_USER, ZABBIXHOSTS) values (2288, 'd_mcl_seo_test_node_3', '{u''/srv/mcluster'': {}}', '3', '10.200.85.92', '10.200.0.1', '255.255.255.0', 'mclusternode', null, null, null, null, 18, '10.200.91.144', 336, 1, 0, '2014-10-31 13:46:02', '2014-10-31 14:55:31', null, null, null);
insert into WEBPORTAL_CONTAINER (ID, CONTAINER_NAME, MOUNT_DIR, ZOOKEEPER_ID, IP_ADDR, GATE_ADDR, IP_MASK, type, DISK_SIZE, CORES_NUMBER, CPU_SPEED, MEMORY_SIZE, HOST_ID, HOST_IP, MCLUSTER_ID, STATUS, DELETED, CREATE_TIME, UPDATE_TIME, CREATE_USER, UPDATE_USER, ZABBIXHOSTS) values (2289, 'd_mcl_seo_test_node_1', '{u''/srv/mcluster'': {}}', '1', '10.200.85.91', '10.200.0.1', '255.255.255.0', 'mclusternode', null, null, null, null, 17, '10.200.91.143', 336, 1, 0, '2014-10-31 13:46:02', '2014-10-31 14:55:31', null, null, null);
insert into WEBPORTAL_CONTAINER (ID, CONTAINER_NAME, MOUNT_DIR, ZOOKEEPER_ID, IP_ADDR, GATE_ADDR, IP_MASK, type, DISK_SIZE, CORES_NUMBER, CPU_SPEED, MEMORY_SIZE, HOST_ID, HOST_IP, MCLUSTER_ID, STATUS, DELETED, CREATE_TIME, UPDATE_TIME, CREATE_USER, UPDATE_USER, ZABBIXHOSTS) values (2290, 'd_mcl_seo_test_node_4', 'None', null, '10.200.85.142', '10.200.0.1', '255.255.255.0', 'mclustervip', null, null, null, null, 18, '10.200.91.144', 336, 1, 0, '2014-10-31 13:46:02', '2014-10-31 14:55:32', null, null, null);
insert into WEBPORTAL_CONTAINER (ID, CONTAINER_NAME, MOUNT_DIR, ZOOKEEPER_ID, IP_ADDR, GATE_ADDR, IP_MASK, type, DISK_SIZE, CORES_NUMBER, CPU_SPEED, MEMORY_SIZE, HOST_ID, HOST_IP, MCLUSTER_ID, STATUS, DELETED, CREATE_TIME, UPDATE_TIME, CREATE_USER, UPDATE_USER, ZABBIXHOSTS) values (2292, 'd_mcl_cloud_oauth_node_1', '{u''/srv/mcluster'': {}}', '1', '10.200.85.103', '10.200.0.1', '255.255.0.0', 'mclusternode', null, null, null, null, 17, '10.200.91.143', 338, 1, 0, '2014-10-31 13:46:02', '2014-10-31 14:55:32', null, null, null);
insert into WEBPORTAL_CONTAINER (ID, CONTAINER_NAME, MOUNT_DIR, ZOOKEEPER_ID, IP_ADDR, GATE_ADDR, IP_MASK, type, DISK_SIZE, CORES_NUMBER, CPU_SPEED, MEMORY_SIZE, HOST_ID, HOST_IP, MCLUSTER_ID, STATUS, DELETED, CREATE_TIME, UPDATE_TIME, CREATE_USER, UPDATE_USER, ZABBIXHOSTS) values (2293, 'd_mcl_cloud_oauth_node_3', '{u''/srv/mcluster'': {}}', '2', '10.200.85.104', '10.200.0.1', '255.255.0.0', 'mclusternode', null, null, null, null, 18, '10.200.91.144', 338, 1, 0, '2014-10-31 13:46:02', '2014-10-31 14:55:32', null, null, null);
insert into WEBPORTAL_CONTAINER (ID, CONTAINER_NAME, MOUNT_DIR, ZOOKEEPER_ID, IP_ADDR, GATE_ADDR, IP_MASK, type, DISK_SIZE, CORES_NUMBER, CPU_SPEED, MEMORY_SIZE, HOST_ID, HOST_IP, MCLUSTER_ID, STATUS, DELETED, CREATE_TIME, UPDATE_TIME, CREATE_USER, UPDATE_USER, ZABBIXHOSTS) values (2294, 'd_mcl_cloud_oauth_node_2', '{u''/srv/mcluster'': {}}', '2', '10.200.85.47', '10.200.0.1', '255.255.0.0', 'mclusternode', null, null, null, null, 16, '10.200.91.142', 338, 1, 0, '2014-10-31 13:46:03', '2014-10-31 14:55:32', null, null, null);
insert into WEBPORTAL_CONTAINER (ID, CONTAINER_NAME, MOUNT_DIR, ZOOKEEPER_ID, IP_ADDR, GATE_ADDR, IP_MASK, type, DISK_SIZE, CORES_NUMBER, CPU_SPEED, MEMORY_SIZE, HOST_ID, HOST_IP, MCLUSTER_ID, STATUS, DELETED, CREATE_TIME, UPDATE_TIME, CREATE_USER, UPDATE_USER, ZABBIXHOSTS) values (2295, 'd_mcl_cloud_oauth_node_4', 'None', null, '10.200.85.48', '10.200.0.1', '255.255.255.0', 'mclustervip', null, null, null, null, 18, '10.200.91.144', 338, 1, 0, '2014-10-31 13:46:03', '2014-10-31 14:55:32', null, null, null);
insert into WEBPORTAL_CONTAINER (ID, CONTAINER_NAME, MOUNT_DIR, ZOOKEEPER_ID, IP_ADDR, GATE_ADDR, IP_MASK, type, DISK_SIZE, CORES_NUMBER, CPU_SPEED, MEMORY_SIZE, HOST_ID, HOST_IP, MCLUSTER_ID, STATUS, DELETED, CREATE_TIME, UPDATE_TIME, CREATE_USER, UPDATE_USER, ZABBIXHOSTS) values (2296, 'd_mcl_tvreport_stat_node_4', 'None', null, '10.200.85.131', '10.200.0.1', '255.255.255.0', 'mclustervip', null, null, null, null, 18, '10.200.91.144', 339, 1, 0, '2014-10-31 13:46:03', '2014-10-31 14:55:32', null, null, null);
insert into WEBPORTAL_CONTAINER (ID, CONTAINER_NAME, MOUNT_DIR, ZOOKEEPER_ID, IP_ADDR, GATE_ADDR, IP_MASK, type, DISK_SIZE, CORES_NUMBER, CPU_SPEED, MEMORY_SIZE, HOST_ID, HOST_IP, MCLUSTER_ID, STATUS, DELETED, CREATE_TIME, UPDATE_TIME, CREATE_USER, UPDATE_USER, ZABBIXHOSTS) values (2297, 'd_mcl_tvreport_stat_node_1', '{u''/srv/mcluster'': {}}', '1', '10.200.85.134', '10.200.0.1', '255.255.255.0', 'mclusternode', null, null, null, null, 17, '10.200.91.143', 339, 1, 0, '2014-10-31 13:46:03', '2014-10-31 14:55:33', null, null, null);
insert into WEBPORTAL_CONTAINER (ID, CONTAINER_NAME, MOUNT_DIR, ZOOKEEPER_ID, IP_ADDR, GATE_ADDR, IP_MASK, type, DISK_SIZE, CORES_NUMBER, CPU_SPEED, MEMORY_SIZE, HOST_ID, HOST_IP, MCLUSTER_ID, STATUS, DELETED, CREATE_TIME, UPDATE_TIME, CREATE_USER, UPDATE_USER, ZABBIXHOSTS) values (2298, 'd_mcl_tvreport_stat_node_2', '{u''/srv/mcluster'': {}}', '2', '10.200.85.137', '10.200.0.1', '255.255.255.0', 'mclusternode', null, null, null, null, 16, '10.200.91.142', 339, 1, 0, '2014-10-31 13:46:03', '2014-10-31 14:55:33', null, null, null);
insert into WEBPORTAL_CONTAINER (ID, CONTAINER_NAME, MOUNT_DIR, ZOOKEEPER_ID, IP_ADDR, GATE_ADDR, IP_MASK, type, DISK_SIZE, CORES_NUMBER, CPU_SPEED, MEMORY_SIZE, HOST_ID, HOST_IP, MCLUSTER_ID, STATUS, DELETED, CREATE_TIME, UPDATE_TIME, CREATE_USER, UPDATE_USER, ZABBIXHOSTS) values (2299, 'd_mcl_tvreport_stat_node_3', '{u''/srv/mcluster'': {}}', '3', '10.200.85.136', '10.200.0.1', '255.255.255.0', 'mclusternode', null, null, null, null, 18, '10.200.91.144', 339, 1, 0, '2014-10-31 13:46:03', '2014-10-31 14:55:33', null, null, null);
insert into WEBPORTAL_CONTAINER (ID, CONTAINER_NAME, MOUNT_DIR, ZOOKEEPER_ID, IP_ADDR, GATE_ADDR, IP_MASK, type, DISK_SIZE, CORES_NUMBER, CPU_SPEED, MEMORY_SIZE, HOST_ID, HOST_IP, MCLUSTER_ID, STATUS, DELETED, CREATE_TIME, UPDATE_TIME, CREATE_USER, UPDATE_USER, ZABBIXHOSTS) values (2301, 'd-mcl-maria-n-2', '{u''/srv/mcluster'': {}}', '2', '10.200.85.202', '10.200.0.1', '255.255.0.0', 'mclusternode', null, null, null, null, 17, '10.200.91.143', 341, 1, 0, '2014-10-31 13:46:03', '2014-10-31 14:55:33', null, null, null);
insert into WEBPORTAL_CONTAINER (ID, CONTAINER_NAME, MOUNT_DIR, ZOOKEEPER_ID, IP_ADDR, GATE_ADDR, IP_MASK, type, DISK_SIZE, CORES_NUMBER, CPU_SPEED, MEMORY_SIZE, HOST_ID, HOST_IP, MCLUSTER_ID, STATUS, DELETED, CREATE_TIME, UPDATE_TIME, CREATE_USER, UPDATE_USER, ZABBIXHOSTS) values (2302, 'd-mcl-maria-n-1', '{u''/srv/mcluster'': {}}', '1', '10.200.85.201', '10.200.0.1', '255.255.0.0', 'mclusternode', null, null, null, null, 16, '10.200.91.142', 341, 1, 0, '2014-10-31 13:46:03', '2014-10-31 14:55:33', null, null, null);
insert into WEBPORTAL_CONTAINER (ID, CONTAINER_NAME, MOUNT_DIR, ZOOKEEPER_ID, IP_ADDR, GATE_ADDR, IP_MASK, type, DISK_SIZE, CORES_NUMBER, CPU_SPEED, MEMORY_SIZE, HOST_ID, HOST_IP, MCLUSTER_ID, STATUS, DELETED, CREATE_TIME, UPDATE_TIME, CREATE_USER, UPDATE_USER, ZABBIXHOSTS) values (2303, 'd_mcl_letvui_test_node_2', '{u''/srv/mcluster'': {}}', '2', '10.200.85.139', '10.200.0.1', '255.255.255.0', 'mclusternode', null, null, null, null, 16, '10.200.91.142', 342, 1, 0, '2014-10-31 13:46:05', '2014-10-31 14:55:33', null, null, null);
insert into WEBPORTAL_CONTAINER (ID, CONTAINER_NAME, MOUNT_DIR, ZOOKEEPER_ID, IP_ADDR, GATE_ADDR, IP_MASK, type, DISK_SIZE, CORES_NUMBER, CPU_SPEED, MEMORY_SIZE, HOST_ID, HOST_IP, MCLUSTER_ID, STATUS, DELETED, CREATE_TIME, UPDATE_TIME, CREATE_USER, UPDATE_USER, ZABBIXHOSTS) values (2304, 'd_mcl_letvui_test_node_3', '{u''/srv/mcluster'': {}}', '3', '10.200.85.99', '10.200.0.1', '255.255.255.0', 'mclusternode', null, null, null, null, 18, '10.200.91.144', 342, 1, 0, '2014-10-31 13:46:05', '2014-10-31 14:55:33', null, null, null);
insert into WEBPORTAL_CONTAINER (ID, CONTAINER_NAME, MOUNT_DIR, ZOOKEEPER_ID, IP_ADDR, GATE_ADDR, IP_MASK, type, DISK_SIZE, CORES_NUMBER, CPU_SPEED, MEMORY_SIZE, HOST_ID, HOST_IP, MCLUSTER_ID, STATUS, DELETED, CREATE_TIME, UPDATE_TIME, CREATE_USER, UPDATE_USER, ZABBIXHOSTS) values (2305, 'd_mcl_letvui_test_node_1', '{u''/srv/mcluster'': {}}', '1', '10.200.85.98', '10.200.0.1', '255.255.255.0', 'mclusternode', null, null, null, null, 17, '10.200.91.143', 342, 1, 0, '2014-10-31 13:46:06', '2014-10-31 14:55:33', null, null, null);
insert into WEBPORTAL_CONTAINER (ID, CONTAINER_NAME, MOUNT_DIR, ZOOKEEPER_ID, IP_ADDR, GATE_ADDR, IP_MASK, type, DISK_SIZE, CORES_NUMBER, CPU_SPEED, MEMORY_SIZE, HOST_ID, HOST_IP, MCLUSTER_ID, STATUS, DELETED, CREATE_TIME, UPDATE_TIME, CREATE_USER, UPDATE_USER, ZABBIXHOSTS) values (2306, 'd_mcl_letvui_test_node_4', 'None', null, '10.200.85.135', '10.200.0.1', '255.255.255.0', 'mclustervip', null, null, null, null, 18, '10.200.91.144', 342, 1, 0, '2014-10-31 13:46:06', '2014-10-31 14:55:33', null, null, null);
DROP TABLE WEBPORTAL_DB;
CREATE TABLE WEBPORTAL_DB ( ID bigint unsigned NOT NULL AUTO_INCREMENT, MCLUSTER_ID bigint unsigned, HCLUSTER_ID bigint unsigned, DB_NAME varchar(20) COLLATE utf8_unicode_ci, DELETED tinyint, CREATE_TIME datetime, UPDATE_TIME datetime, CREATE_USER bigint unsigned, UPDATE_USER bigint unsigned, STATUS tinyint, BACKUP_CYCLE varchar(36) COLLATE utf8_unicode_ci COMMENT '±?・?????:????????±í,×?????????±?・?', NOTICE_TYPE tinyint, DESCN varchar(200) COLLATE utf8_unicode_ci, ENGINE_TYPE tinyint, FROM_DB_IP varchar(36) COLLATE utf8_unicode_ci COMMENT '????????IP', FROM_DB_PORT varchar(10) COLLATE utf8_unicode_ci COMMENT '????????PORT', FROM_DB_NAME varchar(100) COLLATE utf8_unicode_ci COMMENT '????????NAME', LINK_TYPE tinyint, AUDIT_INFO varchar(200) COLLATE utf8_unicode_ci, AUDIT_TIME datetime, AUDIT_USER bigint unsigned, PRIMARY KEY (ID) ) ENGINE=InnoDB DEFAULT CHARSET=utf8;
insert into WEBPORTAL_DB (ID, MCLUSTER_ID, HCLUSTER_ID, DB_NAME, DELETED, CREATE_TIME, UPDATE_TIME, CREATE_USER, UPDATE_USER, STATUS, BACKUP_CYCLE, NOTICE_TYPE, DESCN, ENGINE_TYPE, FROM_DB_IP, FROM_DB_PORT, FROM_DB_NAME, LINK_TYPE, AUDIT_INFO, AUDIT_TIME, AUDIT_USER) values (1, 336, 7, 'seo_t', 1, '2014-10-08 15:13:14', '2014-10-08 15:13:14', 10, null, 6, null, null, null, 0, null, null, null, 0, null, null, null);
insert into WEBPORTAL_DB (ID, MCLUSTER_ID, HCLUSTER_ID, DB_NAME, DELETED, CREATE_TIME, UPDATE_TIME, CREATE_USER, UPDATE_USER, STATUS, BACKUP_CYCLE, NOTICE_TYPE, DESCN, ENGINE_TYPE, FROM_DB_IP, FROM_DB_PORT, FROM_DB_NAME, LINK_TYPE, AUDIT_INFO, AUDIT_TIME, AUDIT_USER) values (2, 342, 7, 'letvui', 1, '2014-10-09 10:08:32', '2014-10-09 10:08:32', 10, null, 6, null, null, null, 0, null, null, null, 0, null, null, null);
insert into WEBPORTAL_DB (ID, MCLUSTER_ID, HCLUSTER_ID, DB_NAME, DELETED, CREATE_TIME, UPDATE_TIME, CREATE_USER, UPDATE_USER, STATUS, BACKUP_CYCLE, NOTICE_TYPE, DESCN, ENGINE_TYPE, FROM_DB_IP, FROM_DB_PORT, FROM_DB_NAME, LINK_TYPE, AUDIT_INFO, AUDIT_TIME, AUDIT_USER) values (3, 338, 7, 'cloud_oauth', 1, '2014-09-24 11:11:21', '2014-09-24 11:35:54', 9, null, 6, null, null, null, 0, null, null, null, 0, null, null, null);
insert into WEBPORTAL_DB (ID, MCLUSTER_ID, HCLUSTER_ID, DB_NAME, DELETED, CREATE_TIME, UPDATE_TIME, CREATE_USER, UPDATE_USER, STATUS, BACKUP_CYCLE, NOTICE_TYPE, DESCN, ENGINE_TYPE, FROM_DB_IP, FROM_DB_PORT, FROM_DB_NAME, LINK_TYPE, AUDIT_INFO, AUDIT_TIME, AUDIT_USER) values (4, 339, 7, 'tvreport_stat', 1, '2014-10-09 10:29:01', '2014-10-09 10:38:37', 11, null, 6, null, null, null, 0, null, null, null, 0, null, null, null);
insert into WEBPORTAL_DB (ID, MCLUSTER_ID, HCLUSTER_ID, DB_NAME, DELETED, CREATE_TIME, UPDATE_TIME, CREATE_USER, UPDATE_USER, STATUS, BACKUP_CYCLE, NOTICE_TYPE, DESCN, ENGINE_TYPE, FROM_DB_IP, FROM_DB_PORT, FROM_DB_NAME, LINK_TYPE, AUDIT_INFO, AUDIT_TIME, AUDIT_USER) values (5, null, 7, 'cztest', 1, '2014-10-08 17:28:21', '2014-10-08 17:28:21', 12, null, 0, null, null, null, 0, null, null, null, 0, null, null, null);
insert into WEBPORTAL_DB (ID, MCLUSTER_ID, HCLUSTER_ID, DB_NAME, DELETED, CREATE_TIME, UPDATE_TIME, CREATE_USER, UPDATE_USER, STATUS, BACKUP_CYCLE, NOTICE_TYPE, DESCN, ENGINE_TYPE, FROM_DB_IP, FROM_DB_PORT, FROM_DB_NAME, LINK_TYPE, AUDIT_INFO, AUDIT_TIME, AUDIT_USER) values (6, null, 7, 'test201410', 1, '2014-10-20 13:44:36', '2014-10-20 13:44:36', 14, null, 0, null, null, null, 0, null, null, null, 0, null, null, null);
DROP TABLE WEBPORTAL_DB_APPLY_STANDARD;
CREATE TABLE WEBPORTAL_DB_APPLY_STANDARD ( ID bigint NOT NULL AUTO_INCREMENT, APPLY_CODE varchar(100) COLLATE utf8_unicode_ci, APPLY_NAME varchar(100) COLLATE utf8_unicode_ci, VERSION varchar(30) COLLATE utf8_unicode_ci COMMENT '°?±?', BACKUP_CYCLE varchar(36) COLLATE utf8_unicode_ci COMMENT '±?・?????:????????±í,×?????????±?・?', IS_EMAIL_NOTICE varchar(10) COLLATE utf8_unicode_ci, DESCN varchar(100) COLLATE utf8_unicode_ci, ENGINE_TYPE varchar(50) COLLATE utf8_unicode_ci, FROM_DB_IP varchar(36) COLLATE utf8_unicode_ci COMMENT '????????IP', FROM_DB_PORT varchar(10) COLLATE utf8_unicode_ci COMMENT '????????PORT', FROM_DB_NAME varchar(100) COLLATE utf8_unicode_ci COMMENT '????????NAME', DEVELOP_LANGUAGE varchar(50) COLLATE utf8_unicode_ci, LINK_TYPE varchar(50) COLLATE utf8_unicode_ci, BELONG_DB varchar(36) COLLATE utf8_unicode_ci, AUDIT_TIME varchar(19) COLLATE utf8_unicode_ci, AUDIT_USER varchar(36) COLLATE utf8_unicode_ci, STATUS varchar(2) COLLATE utf8_unicode_ci, AUDIT_INFO varchar(1024) COLLATE utf8_unicode_ci, CLUSTER_ID varchar(36) COLLATE utf8_unicode_ci, IS_DELETED tinyint, CREATE_TIME datetime, UPDATE_TIME datetime, CREATE_USER bigint unsigned, UPDATE_USER bigint unsigned, MAX_USER_CONNECTIONS int(10), MAX_CONNECTIONS_PER_HOUR int(10), MAX_UPDATES_PER_HOUR int(10), MAX_QUERIES_PER_HOUR int(10), READ_WRITER_RATE varchar(10) COLLATE utf8_unicode_ci, DATA_LIMIT_IP_LIST varchar(1024) COLLATE utf8_unicode_ci, MAX_CONCURRENCY int(10), MGR_LIMIT_IP_LIST varchar(1024) COLLATE utf8_unicode_ci, PRIMARY KEY (ID) ) ENGINE=InnoDB DEFAULT CHARSET=utf8;
DROP TABLE WEBPORTAL_DB_USER;
CREATE TABLE WEBPORTAL_DB_USER ( ID bigint unsigned NOT NULL AUTO_INCREMENT, DB_ID bigint unsigned, USERNAME varchar(20) COLLATE utf8_unicode_ci, PASSWORD varchar(20) COLLATE utf8_unicode_ci, TYPE tinyint, ACCEPT_IP varchar(15) COLLATE utf8_unicode_ci COMMENT '・???IP', MAX_CONCURRENCY int COMMENT '×??ó??・???', READ_WRITER_RATE varchar(10) COLLATE utf8_unicode_ci COMMENT '????±???', MAX_QUERIES_PER_HOUR int COMMENT '?????±×??ó?é????(???§????,????×???????,???í?±?ó??????)', MAX_UPDATES_PER_HOUR int COMMENT '?????±×??ó?ü????(???§????,????×???????,???í?±?ó??????)', MAX_CONNECTIONS_PER_HOUR int COMMENT '?????±×??ó??????(???§????,????×???????,???í?±?ó??????)', MAX_USER_CONNECTIONS int COMMENT '???§×??ó??????(???§????,????×???????,???í?±?ó??????)', STATUS tinyint, SALT varchar(20) COLLATE utf8_unicode_ci, CREATE_TIME datetime, DELETED tinyint, UPDATE_TIME datetime, CREATE_USER bigint unsigned, UPDATE_USER bigint unsigned, PRIMARY KEY (ID) ) ENGINE=InnoDB DEFAULT CHARSET=utf8;
insert into WEBPORTAL_DB_USER (ID, DB_ID, USERNAME, PASSWORD, TYPE, ACCEPT_IP, MAX_CONCURRENCY, READ_WRITER_RATE, MAX_QUERIES_PER_HOUR, MAX_UPDATES_PER_HOUR, MAX_CONNECTIONS_PER_HOUR, MAX_USER_CONNECTIONS, STATUS, SALT, CREATE_TIME, DELETED, UPDATE_TIME, CREATE_USER, UPDATE_USER) values (1, 2, 'letvui001', '123456', 3, '10.154.252.112', 50, '2:1', 360000, 180000, 360000, 50, 6, null, '2014-10-09 15:11:16', 1, '2014-10-09 15:11:16', 10, 10);
insert into WEBPORTAL_DB_USER (ID, DB_ID, USERNAME, PASSWORD, TYPE, ACCEPT_IP, MAX_CONCURRENCY, READ_WRITER_RATE, MAX_QUERIES_PER_HOUR, MAX_UPDATES_PER_HOUR, MAX_CONNECTIONS_PER_HOUR, MAX_USER_CONNECTIONS, STATUS, SALT, CREATE_TIME, DELETED, UPDATE_TIME, CREATE_USER, UPDATE_USER) values (2, 2, 'letvui002', '123456', 3, '10.154.252.112', 50, '2:1', 360000, 180000, 360000, 50, 6, null, '2014-10-09 15:33:11', 1, '2014-10-09 15:33:11', 10, 10);
insert into WEBPORTAL_DB_USER (ID, DB_ID, USERNAME, PASSWORD, TYPE, ACCEPT_IP, MAX_CONCURRENCY, READ_WRITER_RATE, MAX_QUERIES_PER_HOUR, MAX_UPDATES_PER_HOUR, MAX_CONNECTIONS_PER_HOUR, MAX_USER_CONNECTIONS, STATUS, SALT, CREATE_TIME, DELETED, UPDATE_TIME, CREATE_USER, UPDATE_USER) values (3, 2, 'letvui', '123456', 3, '10.154.252.112', 50, '2:1', 360000, 180000, 360000, 50, 6, null, '2014-10-09 14:45:59', 1, '2014-10-09 14:45:59', 10, 10);
insert into WEBPORTAL_DB_USER (ID, DB_ID, USERNAME, PASSWORD, TYPE, ACCEPT_IP, MAX_CONCURRENCY, READ_WRITER_RATE, MAX_QUERIES_PER_HOUR, MAX_UPDATES_PER_HOUR, MAX_CONNECTIONS_PER_HOUR, MAX_USER_CONNECTIONS, STATUS, SALT, CREATE_TIME, DELETED, UPDATE_TIME, CREATE_USER, UPDATE_USER) values (4, 3, 'dabingge', 'dabingge', 3, '10.160.145.%', 1000, '1:2', 7200000, 3600000, 7200000, 1000, 6, null, '2014-09-24 11:41:24', 1, '2014-09-24 11:41:24', 9, 9);
insert into WEBPORTAL_DB_USER (ID, DB_ID, USERNAME, PASSWORD, TYPE, ACCEPT_IP, MAX_CONCURRENCY, READ_WRITER_RATE, MAX_QUERIES_PER_HOUR, MAX_UPDATES_PER_HOUR, MAX_CONNECTIONS_PER_HOUR, MAX_USER_CONNECTIONS, STATUS, SALT, CREATE_TIME, DELETED, UPDATE_TIME, CREATE_USER, UPDATE_USER) values (5, 3, 'dabingge', 'dabingge', 3, '10.58.100.%', 1000, '1:2', 7200000, 3600000, 7200000, 1000, 6, null, '2014-09-24 11:41:24', 1, '2014-09-24 11:41:24', 9, 9);
insert into WEBPORTAL_DB_USER (ID, DB_ID, USERNAME, PASSWORD, TYPE, ACCEPT_IP, MAX_CONCURRENCY, READ_WRITER_RATE, MAX_QUERIES_PER_HOUR, MAX_UPDATES_PER_HOUR, MAX_CONNECTIONS_PER_HOUR, MAX_USER_CONNECTIONS, STATUS, SALT, CREATE_TIME, DELETED, UPDATE_TIME, CREATE_USER, UPDATE_USER) values (6, 3, 'admin', 'admin', 1, '10.58.100.%', 10, '1:2', 1000, 1000, 100, 10, 6, null, '2014-09-24 11:49:30', 1, '2014-09-24 11:49:30', 9, 9);
insert into WEBPORTAL_DB_USER (ID, DB_ID, USERNAME, PASSWORD, TYPE, ACCEPT_IP, MAX_CONCURRENCY, READ_WRITER_RATE, MAX_QUERIES_PER_HOUR, MAX_UPDATES_PER_HOUR, MAX_CONNECTIONS_PER_HOUR, MAX_USER_CONNECTIONS, STATUS, SALT, CREATE_TIME, DELETED, UPDATE_TIME, CREATE_USER, UPDATE_USER) values (7, 4, 'bi_writer_wr', 'Jwtaf7rN', 3, '10.100.54.26', 300, '2:1', 2160000, 1080000, 2160000, 300, 6, null, '2014-10-09 10:59:38', 1, '2014-10-09 10:59:38', 11, 11);
insert into WEBPORTAL_DB_USER (ID, DB_ID, USERNAME, PASSWORD, TYPE, ACCEPT_IP, MAX_CONCURRENCY, READ_WRITER_RATE, MAX_QUERIES_PER_HOUR, MAX_UPDATES_PER_HOUR, MAX_CONNECTIONS_PER_HOUR, MAX_USER_CONNECTIONS, STATUS, SALT, CREATE_TIME, DELETED, UPDATE_TIME, CREATE_USER, UPDATE_USER) values (8, 4, 'bi_writer_wr', 'Jwtaf7rN', 3, '10.204.8.161', 300, '2:1', 2160000, 1080000, 2160000, 300, 6, null, '2014-10-09 10:59:38', 1, '2014-10-09 10:59:38', 11, 11);
insert into WEBPORTAL_DB_USER (ID, DB_ID, USERNAME, PASSWORD, TYPE, ACCEPT_IP, MAX_CONCURRENCY, READ_WRITER_RATE, MAX_QUERIES_PER_HOUR, MAX_UPDATES_PER_HOUR, MAX_CONNECTIONS_PER_HOUR, MAX_USER_CONNECTIONS, STATUS, SALT, CREATE_TIME, DELETED, UPDATE_TIME, CREATE_USER, UPDATE_USER) values (9, 4, 'bi_writer_wr', 'fevnY49S', 3, '10.58.%.%', 300, '2:1', 2160000, 1080000, 2160000, 300, 6, null, '2014-10-09 11:01:41', 1, '2014-10-09 11:01:41', 11, 11);
insert into WEBPORTAL_DB_USER (ID, DB_ID, USERNAME, PASSWORD, TYPE, ACCEPT_IP, MAX_CONCURRENCY, READ_WRITER_RATE, MAX_QUERIES_PER_HOUR, MAX_UPDATES_PER_HOUR, MAX_CONNECTIONS_PER_HOUR, MAX_USER_CONNECTIONS, STATUS, SALT, CREATE_TIME, DELETED, UPDATE_TIME, CREATE_USER, UPDATE_USER) values (10, 4, 'bi_writer_ro', '123456', 3, '10.58.%.%', 300, '2:1', 2160000, 1080000, 2160000, 300, 6, null, '2014-10-09 11:23:39', 1, '2014-10-09 11:23:39', 11, 11);
insert into WEBPORTAL_DB_USER (ID, DB_ID, USERNAME, PASSWORD, TYPE, ACCEPT_IP, MAX_CONCURRENCY, READ_WRITER_RATE, MAX_QUERIES_PER_HOUR, MAX_UPDATES_PER_HOUR, MAX_CONNECTIONS_PER_HOUR, MAX_USER_CONNECTIONS, STATUS, SALT, CREATE_TIME, DELETED, UPDATE_TIME, CREATE_USER, UPDATE_USER) values (11, 4, 'root', 'root', 1, '10.204.8.161', 2000, '2:1', 1000, 1000, 100, 10, 6, null, '2014-10-09 10:48:42', 1, '2014-10-09 10:48:42', 11, 11);
DROP TABLE WEBPORTAL_HCLUSTER;
CREATE TABLE WEBPORTAL_HCLUSTER ( ID bigint unsigned NOT NULL AUTO_INCREMENT, HCLUSTER_NAME varchar(20) COLLATE utf8_unicode_ci, STATUS tinyint, DELETED tinyint, UPDATE_USER bigint unsigned, UPDATE_TIME datetime, CREATE_USER bigint unsigned, CREATE_TIME datetime, DESCN varchar(200), HCLUSTER_NAME_ALIAS varchar(30), PRIMARY KEY (ID) ) ENGINE=InnoDB DEFAULT CHARSET=utf8;
insert into WEBPORTAL_HCLUSTER (ID, HCLUSTER_NAME, STATUS, DELETED, UPDATE_USER, UPDATE_TIME, CREATE_USER, CREATE_TIME, DESCN, HCLUSTER_NAME_ALIAS) values (3, 'testHcluster_15X', 1, 0, null, null, null, '2014-10-30 17:06:48', null, '15X测试集群');
insert into WEBPORTAL_HCLUSTER (ID, HCLUSTER_NAME, STATUS, DELETED, UPDATE_USER, UPDATE_TIME, CREATE_USER, CREATE_TIME, DESCN, HCLUSTER_NAME_ALIAS) values (7, 'testHcluster_14X', 1, 0, null, null, null, '2014-10-31 13:43:49', null, '14X测试集群');
DROP TABLE WEBPORTAL_HOST;
CREATE TABLE WEBPORTAL_HOST ( ID bigint unsigned NOT NULL AUTO_INCREMENT, HOST_NAME varchar(20) COLLATE utf8_unicode_ci, HOST_IP varchar(15), NODES_NUMBER int, CPU_MODEL varchar(50), CORES_NUMBER int, MEMORY_SIZE int, DISK_SIZE int, DISK_USED int, HOST_MODEL varchar(50), TYPE varchar(10), HCLUSTER_ID bigint unsigned, STATUS tinyint, DELETED tinyint, UPDATE_USER bigint unsigned, UPDATE_TIME datetime, CREATE_USER bigint unsigned, CREATE_TIME datetime, DESCN varchar(200), NAME varchar(30), PASSWORD varchar(30), HOST_NAME_ALIAS varchar(30), PRIMARY KEY (ID) ) ENGINE=InnoDB DEFAULT CHARSET=utf8;
insert into WEBPORTAL_HOST (ID, HOST_NAME, HOST_IP, NODES_NUMBER, CPU_MODEL, CORES_NUMBER, MEMORY_SIZE, DISK_SIZE, DISK_USED, HOST_MODEL, TYPE, HCLUSTER_ID, STATUS, DELETED, UPDATE_USER, UPDATE_TIME, CREATE_USER, CREATE_TIME, DESCN, NAME, PASSWORD, HOST_NAME_ALIAS) values (3, 'host001_15X', '10.154.156.150', null, null, null, null, null, null, null, '0', 3, null, 1, null, '2014-10-30 17:08:00', null, '2014-10-30 17:08:00', '测试机器1', 'root', 'root', '测试机器1_15X');
insert into WEBPORTAL_HOST (ID, HOST_NAME, HOST_IP, NODES_NUMBER, CPU_MODEL, CORES_NUMBER, MEMORY_SIZE, DISK_SIZE, DISK_USED, HOST_MODEL, TYPE, HCLUSTER_ID, STATUS, DELETED, UPDATE_USER, UPDATE_TIME, CREATE_USER, CREATE_TIME, DESCN, NAME, PASSWORD, HOST_NAME_ALIAS) values (6, 'test002_15X', '10.154.156.151', null, null, null, null, null, null, null, '1', 3, null, 1, null, '2014-10-30 17:08:22', null, '2014-10-30 17:08:22', '测试机器2', 'root', 'root', '测试机器2_15X');
insert into WEBPORTAL_HOST (ID, HOST_NAME, HOST_IP, NODES_NUMBER, CPU_MODEL, CORES_NUMBER, MEMORY_SIZE, DISK_SIZE, DISK_USED, HOST_MODEL, TYPE, HCLUSTER_ID, STATUS, DELETED, UPDATE_USER, UPDATE_TIME, CREATE_USER, CREATE_TIME, DESCN, NAME, PASSWORD, HOST_NAME_ALIAS) values (9, 'test003_15X', '10.154.156.152', null, null, null, null, null, null, null, '1', 3, null, 1, null, '2014-10-30 17:08:37', null, '2014-10-30 17:08:37', '测试机器3', 'root', 'root', '测试机器3_15X');
insert into WEBPORTAL_HOST (ID, HOST_NAME, HOST_IP, NODES_NUMBER, CPU_MODEL, CORES_NUMBER, MEMORY_SIZE, DISK_SIZE, DISK_USED, HOST_MODEL, TYPE, HCLUSTER_ID, STATUS, DELETED, UPDATE_USER, UPDATE_TIME, CREATE_USER, CREATE_TIME, DESCN, NAME, PASSWORD, HOST_NAME_ALIAS) values (16, 'host001_14X', '10.200.91.142', null, null, null, null, null, null, null, '0', 7, null, 1, null, '2014-10-31 13:45:11', null, '2014-10-31 13:45:11', '测试机器1_14X', 'root', 'root', '测试机器1_14X');
insert into WEBPORTAL_HOST (ID, HOST_NAME, HOST_IP, NODES_NUMBER, CPU_MODEL, CORES_NUMBER, MEMORY_SIZE, DISK_SIZE, DISK_USED, HOST_MODEL, TYPE, HCLUSTER_ID, STATUS, DELETED, UPDATE_USER, UPDATE_TIME, CREATE_USER, CREATE_TIME, DESCN, NAME, PASSWORD, HOST_NAME_ALIAS) values (17, 'host002_14X', '10.200.91.143', null, null, null, null, null, null, null, '1', 7, null, 1, null, '2014-10-31 13:45:35', null, '2014-10-31 13:45:35', '测试机器2_14X', 'root', 'root', '测试机器2_14X');
insert into WEBPORTAL_HOST (ID, HOST_NAME, HOST_IP, NODES_NUMBER, CPU_MODEL, CORES_NUMBER, MEMORY_SIZE, DISK_SIZE, DISK_USED, HOST_MODEL, TYPE, HCLUSTER_ID, STATUS, DELETED, UPDATE_USER, UPDATE_TIME, CREATE_USER, CREATE_TIME, DESCN, NAME, PASSWORD, HOST_NAME_ALIAS) values (18, 'host003_14X', '10.200.91.144', null, null, null, null, null, null, null, '1', 7, null, 1, null, '2014-10-31 13:46:03', null, '2014-10-31 13:46:03', '测试机器3_14X', 'root', 'root', '测试机器3_14X');
DROP TABLE WEBPORTAL_IP_RESOURCE;
CREATE TABLE WEBPORTAL_IP_RESOURCE ( ID bigint unsigned NOT NULL AUTO_INCREMENT, IP varchar(15) COLLATE utf8_unicode_ci, GATE_WAY varchar(15) COLLATE utf8_unicode_ci, MASK varchar(15) COLLATE utf8_unicode_ci, STATUS tinyint, DELETED tinyint, CREATE_TIME datetime, UPDATE_TIME datetime, CREATE_USER bigint unsigned, UPDATE_USER bigint unsigned, PRIMARY KEY (ID) ) ENGINE=InnoDB DEFAULT CHARSET=utf8;
DROP TABLE WEBPORTAL_MCLUSTER_INFO;
CREATE TABLE WEBPORTAL_MCLUSTER_INFO ( ID bigint unsigned NOT NULL AUTO_INCREMENT, MCLUSTER_NAME varchar(200), STATUS tinyint, SST_PASSWORD varchar(20), HCLUSTER_ID bigint unsigned, DELETED tinyint, CREATE_TIME datetime COMMENT '???¨?±??', CREATE_USER bigint unsigned, UPDATE_TIME datetime, UPDATE_USER bigint unsigned, ADMIN_USER varchar(200), ADMIN_PASSWORD varchar(200), type int(10), PRIMARY KEY (ID) ) ENGINE=InnoDB DEFAULT CHARSET=utf8;
insert into WEBPORTAL_MCLUSTER_INFO (ID, MCLUSTER_NAME, STATUS, SST_PASSWORD, HCLUSTER_ID, DELETED, CREATE_TIME, CREATE_USER, UPDATE_TIME, UPDATE_USER, ADMIN_USER, ADMIN_PASSWORD, type) values (37, 'mysql3309', 13, null, 3, 1, '2014-10-31 11:16:00', null, '2014-10-31 14:55:30', null, 'root', 'mysql3309', 1);
insert into WEBPORTAL_MCLUSTER_INFO (ID, MCLUSTER_NAME, STATUS, SST_PASSWORD, HCLUSTER_ID, DELETED, CREATE_TIME, CREATE_USER, UPDATE_TIME, UPDATE_USER, ADMIN_USER, ADMIN_PASSWORD, type) values (336, 'seo_test', 1, null, 7, 1, '2014-10-31 13:46:02', 10, '2014-10-31 14:55:30', null, 'root', 'seo_test', 1);
insert into WEBPORTAL_MCLUSTER_INFO (ID, MCLUSTER_NAME, STATUS, SST_PASSWORD, HCLUSTER_ID, DELETED, CREATE_TIME, CREATE_USER, UPDATE_TIME, UPDATE_USER, ADMIN_USER, ADMIN_PASSWORD, type) values (338, 'cloud_oauth', 1, null, 7, 1, '2014-10-31 13:46:02', null, '2014-10-31 14:55:30', null, 'root', 'cloud_oauth', 1);
insert into WEBPORTAL_MCLUSTER_INFO (ID, MCLUSTER_NAME, STATUS, SST_PASSWORD, HCLUSTER_ID, DELETED, CREATE_TIME, CREATE_USER, UPDATE_TIME, UPDATE_USER, ADMIN_USER, ADMIN_PASSWORD, type) values (339, 'tvreport_stat', 1, null, 7, 1, '2014-10-31 13:46:03', null, '2014-10-31 14:55:30', null, 'root', 'tvreport_stat', 1);
insert into WEBPORTAL_MCLUSTER_INFO (ID, MCLUSTER_NAME, STATUS, SST_PASSWORD, HCLUSTER_ID, DELETED, CREATE_TIME, CREATE_USER, UPDATE_TIME, UPDATE_USER, ADMIN_USER, ADMIN_PASSWORD, type) values (341, 'maria', 1, null, 7, 1, '2014-10-31 13:46:03', null, '2014-10-31 14:55:31', null, 'root', 'maria', 1);
insert into WEBPORTAL_MCLUSTER_INFO (ID, MCLUSTER_NAME, STATUS, SST_PASSWORD, HCLUSTER_ID, DELETED, CREATE_TIME, CREATE_USER, UPDATE_TIME, UPDATE_USER, ADMIN_USER, ADMIN_PASSWORD, type) values (342, 'letvui_test', 1, null, 7, 1, '2014-10-31 13:46:05', 10, '2014-10-31 14:55:31', null, 'root', 'letvui_test', 1);
insert into WEBPORTAL_MCLUSTER_INFO (ID, MCLUSTER_NAME, STATUS, SST_PASSWORD, HCLUSTER_ID, DELETED, CREATE_TIME, CREATE_USER, UPDATE_TIME, UPDATE_USER, ADMIN_USER, ADMIN_PASSWORD, type) values (345, 'test_resource', 3, null, 7, 1, '2014-10-31 14:11:16', 2, '2014-10-31 14:21:28', null, 'root', 'test_resource', 0);
DROP TABLE WEBPORTAL_USER;
CREATE TABLE WEBPORTAL_USER ( ID bigint NOT NULL AUTO_INCREMENT, USERNAME varchar(30), EMAIL varchar(45), PASSWORD varchar(50), PASSPORT_ID varchar(36), LAST_LOGIN_TIME datetime, LASTLOGIN_IP varchar(20), CURRENT_LOGIN_TIME datetime, CURRENT_LOGIN_IP varchar(20), REGISTER_DATE datetime, IS_ADMIN tinyint, DELETED tinyint, CREATE_TIME datetime, UPDATE_TIME datetime, UPDATE_USER bigint unsigned, CREATE_USER bigint unsigned, PRIMARY KEY (ID) ) ENGINE=InnoDB DEFAULT CHARSET=utf8;
insert into WEBPORTAL_USER (ID, USERNAME, EMAIL, PASSWORD, PASSPORT_ID, LAST_LOGIN_TIME, LASTLOGIN_IP, CURRENT_LOGIN_TIME, CURRENT_LOGIN_IP, REGISTER_DATE, IS_ADMIN, DELETED, CREATE_TIME, UPDATE_TIME, UPDATE_USER, CREATE_USER) values (2, 'sysadmin', 'sysadmin@letv.com', null, null, null, null, '2014-10-31 13:54:11', '10.58.166.34', '2014-10-30 17:03:05', null, null, '2014-10-30 17:03:05', '2014-10-30 17:03:05', 0, 0);
insert into WEBPORTAL_USER (ID, USERNAME, EMAIL, PASSWORD, PASSPORT_ID, LAST_LOGIN_TIME, LASTLOGIN_IP, CURRENT_LOGIN_TIME, CURRENT_LOGIN_IP, REGISTER_DATE, IS_ADMIN, DELETED, CREATE_TIME, UPDATE_TIME, UPDATE_USER, CREATE_USER) values (4, 'liuhao1', 'liuhao1@letv.com', null, null, null, null, '2014-10-31 12:16:33', '10.58.166.19', '2014-10-30 17:07:29', null, null, '2014-10-30 17:07:29', '2014-10-30 17:07:29', 0, 0);
insert into WEBPORTAL_USER (ID, USERNAME, EMAIL, PASSWORD, PASSPORT_ID, LAST_LOGIN_TIME, LASTLOGIN_IP, CURRENT_LOGIN_TIME, CURRENT_LOGIN_IP, REGISTER_DATE, IS_ADMIN, DELETED, CREATE_TIME, UPDATE_TIME, UPDATE_USER, CREATE_USER) values (7, 'wujun', 'wujun@letv.com', null, null, null, null, '2014-10-31 10:51:32', '10.58.167.70', '2014-10-30 17:15:12', null, null, '2014-10-30 17:15:12', '2014-10-30 17:15:12', 0, 0);
insert into WEBPORTAL_USER (ID, USERNAME, EMAIL, PASSWORD, PASSPORT_ID, LAST_LOGIN_TIME, LASTLOGIN_IP, CURRENT_LOGIN_TIME, CURRENT_LOGIN_IP, REGISTER_DATE, IS_ADMIN, DELETED, CREATE_TIME, UPDATE_TIME, UPDATE_USER, CREATE_USER) values (9, 'lidezhi', 'lidezhi@letv.com', null, null, null, null, '2014-10-31 10:51:32', '10.58.167.70', '2014-10-30 17:15:12', null, null, '2014-10-30 17:15:12', '2014-10-30 17:15:12', 0, 0);
insert into WEBPORTAL_USER (ID, USERNAME, EMAIL, PASSWORD, PASSPORT_ID, LAST_LOGIN_TIME, LASTLOGIN_IP, CURRENT_LOGIN_TIME, CURRENT_LOGIN_IP, REGISTER_DATE, IS_ADMIN, DELETED, CREATE_TIME, UPDATE_TIME, UPDATE_USER, CREATE_USER) values (10, 'yaofaliang', 'yaofaliang@letv.com', null, null, null, null, '2014-10-31 14:14:24', '10.58.166.19', '2014-10-30 17:21:10', null, null, '2014-10-30 17:21:10', '2014-10-30 17:21:10', 0, 0);
insert into WEBPORTAL_USER (ID, USERNAME, EMAIL, PASSWORD, PASSPORT_ID, LAST_LOGIN_TIME, LASTLOGIN_IP, CURRENT_LOGIN_TIME, CURRENT_LOGIN_IP, REGISTER_DATE, IS_ADMIN, DELETED, CREATE_TIME, UPDATE_TIME, UPDATE_USER, CREATE_USER) values (11, 'gaoyuansheng', 'gaoyuansheng@letv.com', null, null, null, null, '2014-10-31 14:14:24', '10.58.166.19', '2014-10-30 17:21:10', null, null, '2014-10-30 17:21:10', '2014-10-30 17:21:10', 0, 0);
insert into WEBPORTAL_USER (ID, USERNAME, EMAIL, PASSWORD, PASSPORT_ID, LAST_LOGIN_TIME, LASTLOGIN_IP, CURRENT_LOGIN_TIME, CURRENT_LOGIN_IP, REGISTER_DATE, IS_ADMIN, DELETED, CREATE_TIME, UPDATE_TIME, UPDATE_USER, CREATE_USER) values (12, 'chenzhen', 'chenzhen@letv.com', null, null, null, null, '2014-10-31 14:14:24', '10.58.166.19', '2014-10-30 17:21:10', null, null, '2014-10-30 17:21:10', '2014-10-30 17:21:10', 0, 0);
insert into WEBPORTAL_USER (ID, USERNAME, EMAIL, PASSWORD, PASSPORT_ID, LAST_LOGIN_TIME, LASTLOGIN_IP, CURRENT_LOGIN_TIME, CURRENT_LOGIN_IP, REGISTER_DATE, IS_ADMIN, DELETED, CREATE_TIME, UPDATE_TIME, UPDATE_USER, CREATE_USER) values (13, 'yaokuo', 'yaokuo@letv.com', null, null, null, null, '2014-10-31 11:54:34', '0:0:0:0:0:0:0:1', '2014-10-30 17:38:43', null, null, '2014-10-30 17:38:43', '2014-10-30 17:38:43', 0, 0);
insert into WEBPORTAL_USER (ID, USERNAME, EMAIL, PASSWORD, PASSPORT_ID, LAST_LOGIN_TIME, LASTLOGIN_IP, CURRENT_LOGIN_TIME, CURRENT_LOGIN_IP, REGISTER_DATE, IS_ADMIN, DELETED, CREATE_TIME, UPDATE_TIME, UPDATE_USER, CREATE_USER) values (14, 'liuguangmin', 'liuguangmin@letv.com', null, null, null, null, '2014-10-31 14:14:24', '10.58.166.19', '2014-10-30 17:21:10', null, null, '2014-10-30 17:21:10', '2014-10-30 17:21:10', 0, 0);
insert into WEBPORTAL_USER (ID, USERNAME, EMAIL, PASSWORD, PASSPORT_ID, LAST_LOGIN_TIME, LASTLOGIN_IP, CURRENT_LOGIN_TIME, CURRENT_LOGIN_IP, REGISTER_DATE, IS_ADMIN, DELETED, CREATE_TIME, UPDATE_TIME, UPDATE_USER, CREATE_USER) values (16, 'zhoubingzheng', 'zhoubingzheng@letv.com', null, null, null, null, '2014-10-30 17:40:58', '10.58.165.3', '2014-10-30 17:39:54', null, null, '2014-10-30 17:39:54', '2014-10-30 17:39:54', 0, 0);
